tAtsNm,baseYmd,cnctrRate
가회민화박물관,20260809,76.03
가회민화박물관,20260810,54.54
가회민화박물관,20260811,58.58
가회민화박물관,20260812,71.79
가회민화박물관,20260813,72.64
가회민화박물관,20260814,69.87
가회민화박물관,20260815,98.73
가회민화박물관,20260816,92.58
가회민화박물관,20260817,74.88
가회민화박물관,20260818,63.34
가회민화박물관,20260819,71.94
가회민화박물관,20260820,69.46
가회민화박물관,20260821,72.95
가회민화박물관,20260822,98.28
가회민화박물관,20260823,77.29
가회민화박물관,20260824,62.09
가회민화박물관,20260825,67.67
가회민화박물관,20260826,84.41
가회민화박물관,20260827,84.55
가회민화박물관,20260828,88.33
가회민화박물관,20260829,98.89
가회민화박물관,20260830,74.34
가회민화박물관,20260831,59.87
가회민화박물관,20260901,52.39
가회민화박물관,20260902,79.12
가회민화박물관,20260903,84.14
가회민화박물관,20260904,76.92
가회민화박물관,20260905,99.77
가회민화박물관,20260906,97.15
가회민화박물관,20260907,66.68
감로암(서울),20260809,47.99
감로암(서울),20260810,62.71
감로암(서울),20260811,60.18
감로암(서울),20260812,58.92
감로암(서울),20260813,63.92
감로암(서울),20260814,59.23
감로암(서울),20260815,72.1
감로암(서울),20260816,70.68
감로암(서울),20260817,45.71
감로암(서울),20260818,62.95
감로암(서울),20260819,66.63
감로암(서울),20260820,57.88
감로암(서울),20260821,59.4
감로암(서울),20260822,56.14
감로암(서울),20260823,72.18
감로암(서울),20260824,70.84
감로암(서울),20260825,70.9
감로암(서울),20260826,64.25
감로암(서울),20260827,51.55
감로암(서울),20260828,55.02
감로암(서울),20260829,55.84
감로암(서울),20260830,71.74
감로암(서울),20260831,69.08
감로암(서울),20260901,65.45
감로암(서울),20260902,67.29
감로암(서울),20260903,78.51
감로암(서울),20260904,82.65
감로암(서울),20260905,84.52
감로암(서울),20260906,81.14
감로암(서울),20260907,79.39
경복궁,20260809,69.71
경복궁,20260810,64.72
경복궁,20260811,58.54
경복궁,20260812,72
경복궁,20260813,66.47
경복궁,20260814,66.69
경복궁,20260815,91.93
경복궁,20260816,81.42
경복궁,20260817,69.6
경복궁,20260818,56.04
경복궁,20260819,64.54
경복궁,20260820,74.33
경복궁,20260821,71.56
경복궁,20260822,91.47
경복궁,20260823,65.4
경복궁,20260824,61.86
경복궁,20260825,50.14
경복궁,20260826,59.29
경복궁,20260827,68.43
경복궁,20260828,66.48
경복궁,20260829,92.06
경복궁,20260830,62.65
경복궁,20260831,64.35
경복궁,20260901,54.5
경복궁,20260902,70.07
경복궁,20260903,74.84
경복궁,20260904,88.67
경복궁,20260905,95.57
경복궁,20260906,81.78
경복궁,20260907,72.49
경운동민병옥가옥,20260809,72.12
경운동민병옥가옥,20260810,65.66
경운동민병옥가옥,20260811,79.24
경운동민병옥가옥,20260812,83.83
경운동민병옥가옥,20260813,79.86
경운동민병옥가옥,20260814,80.82
경운동민병옥가옥,20260815,97.81
경운동민병옥가옥,20260816,86.78
경운동민병옥가옥,20260817,69.67
경운동민병옥가옥,20260818,73.89
경운동민병옥가옥,20260819,79.55
경운동민병옥가옥,20260820,82.42
경운동민병옥가옥,20260821,82.52
경운동민병옥가옥,20260822,97.19
경운동민병옥가옥,20260823,77.98
경운동민병옥가옥,20260824,74.11
경운동민병옥가옥,20260825,79.11
경운동민병옥가옥,20260826,86.18
경운동민병옥가옥,20260827,86.43
경운동민병옥가옥,20260828,88.27
경운동민병옥가옥,20260829,97.05
경운동민병옥가옥,20260830,72.1
경운동민병옥가옥,20260831,69.98
경운동민병옥가옥,20260901,79.62
경운동민병옥가옥,20260902,94
경운동민병옥가옥,20260903,94.49
경운동민병옥가옥,20260904,82.78
경운동민병옥가옥,20260905,97.15
경운동민병옥가옥,20260906,88.81
경운동민병옥가옥,20260907,79.75
경찰박물관,20260809,62.52
경찰박물관,20260810,59.32
경찰박물관,20260811,63.33
경찰박물관,20260812,67.37
경찰박물관,20260813,72.57
경찰박물관,20260814,89.09
경찰박물관,20260815,99.01
경찰박물관,20260816,80.07
경찰박물관,20260817,57.79
경찰박물관,20260818,59.28
경찰박물관,20260819,65.62
경찰박물관,20260820,68.98
경찰박물관,20260821,75.68
경찰박물관,20260822,94.23
경찰박물관,20260823,63.46
경찰박물관,20260824,52.21
경찰박물관,20260825,56.89
경찰박물관,20260826,71.5
경찰박물관,20260827,74.36
경찰박물관,20260828,85.86
경찰박물관,20260829,96.43
경찰박물관,20260830,58.7
경찰박물관,20260831,54.77
경찰박물관,20260901,65.17
경찰박물관,20260902,60.1
경찰박물관,20260903,72.2
경찰박물관,20260904,58.97
경찰박물관,20260905,66.83
경찰박물관,20260906,60.01
경찰박물관,20260907,60.34
경희궁,20260809,76.3
경희궁,20260810,77.82
경희궁,20260811,88.84
경희궁,20260812,87.86
경희궁,20260813,98.19
경희궁,20260814,99.67
경희궁,20260815,99.1
경희궁,20260816,87.63
경희궁,20260817,79.97
경희궁,20260818,89.1
경희궁,20260819,89.41
경희궁,20260820,98.18
경희궁,20260821,99.3
경희궁,20260822,96.67
경희궁,20260823,68.54
경희궁,20260824,73.05
경희궁,20260825,86.95
경희궁,20260826,90.61
경희궁,20260827,97.61
경희궁,20260828,99.12
경희궁,20260829,89.27
경희궁,20260830,80.88
경희궁,20260831,72.68
경희궁,20260901,65.1
경희궁,20260902,66.96
경희궁,20260903,85.73
경희궁,20260904,88.26
경희궁,20260905,88.9
경희궁,20260906,66.66
경희궁,20260907,70.58
광장시장,20260809,77.13
광장시장,20260810,76.01
광장시장,20260811,77.1
광장시장,20260812,74.77
광장시장,20260813,80.27
광장시장,20260814,81.45
광장시장,20260815,93.57
광장시장,20260816,77.44
광장시장,20260817,71.9
광장시장,20260818,75.6
광장시장,20260819,74.81
광장시장,20260820,77.26
광장시장,20260821,81.28
광장시장,20260822,98.04
광장시장,20260823,73.89
광장시장,20260824,72.86
광장시장,20260825,75.98
광장시장,20260826,76.39
광장시장,20260827,76.91
광장시장,20260828,81.89
광장시장,20260829,98.12
광장시장,20260830,74.76
광장시장,20260831,74.37
광장시장,20260901,71.58
광장시장,20260902,72.8
광장시장,20260903,78.16
광장시장,20260904,79.06
광장시장,20260905,96.93
광장시장,20260906,72.99
광장시장,20260907,74.67
광화문,20260809,37.74
광화문,20260810,33.62
광화문,20260811,33.68
광화문,20260812,45.67
광화문,20260813,38.22
광화문,20260814,38.41
광화문,20260815,87.53
광화문,20260816,78.2
광화문,20260817,29.23
광화문,20260818,29.81
광화문,20260819,34.71
광화문,20260820,35.8
광화문,20260821,35.58
광화문,20260822,88.59
광화문,20260823,37.51
광화문,20260824,42.05
광화문,20260825,41.95
광화문,20260826,45.59
광화문,20260827,45.55
광화문,20260828,39.82
광화문,20260829,88.44
광화문,20260830,44.89
광화문,20260831,41.97
광화문,20260901,35.12
광화문,20260902,38.61
광화문,20260903,38.78
광화문,20260904,39.19
광화문,20260905,96.27
광화문,20260906,32.72
광화문,20260907,40.2
광화문광장,20260809,75.68
광화문광장,20260810,55.98
광화문광장,20260811,64.7
광화문광장,20260812,69.87
광화문광장,20260813,70.79
광화문광장,20260814,73.69
광화문광장,20260815,100
광화문광장,20260816,99.92
광화문광장,20260817,68.62
광화문광장,20260818,63.91
광화문광장,20260819,71.27
광화문광장,20260820,66.39
광화문광장,20260821,64.38
광화문광장,20260822,100
광화문광장,20260823,65.82
광화문광장,20260824,53.68
광화문광장,20260825,66.45
광화문광장,20260826,70.26
광화문광장,20260827,68.49
광화문광장,20260828,66.21
광화문광장,20260829,100
광화문광장,20260830,68.04
광화문광장,20260831,57.53
광화문광장,20260901,54.76
광화문광장,20260902,59.07
광화문광장,20260903,55.72
광화문광장,20260904,71
광화문광장,20260905,100
광화문광장,20260906,54.37
광화문광장,20260907,46.38
구공업전습소본관,20260809,57.04
구공업전습소본관,20260810,51.45
구공업전습소본관,20260811,64.04
구공업전습소본관,20260812,64.22
구공업전습소본관,20260813,59.47
구공업전습소본관,20260814,63.78
구공업전습소본관,20260815,74.1
구공업전습소본관,20260816,58.15
구공업전습소본관,20260817,58.74
구공업전습소본관,20260818,67.05
구공업전습소본관,20260819,58.07
구공업전습소본관,20260820,54.14
구공업전습소본관,20260821,58.58
구공업전습소본관,20260822,51.77
구공업전습소본관,20260823,52.54
구공업전습소본관,20260824,53.94
구공업전습소본관,20260825,55.42
구공업전습소본관,20260826,59.83
구공업전습소본관,20260827,54.03
구공업전습소본관,20260828,58.84
구공업전습소본관,20260829,59.59
구공업전습소본관,20260830,61.19
구공업전습소본관,20260831,66.46
구공업전습소본관,20260901,45.78
구공업전습소본관,20260902,53.11
구공업전습소본관,20260903,51.16
구공업전습소본관,20260904,54.02
구공업전습소본관,20260905,64.22
구공업전습소본관,20260906,48.68
구공업전습소본관,20260907,37.05
국립고궁박물관,20260809,76.2
국립고궁박물관,20260810,64.88
국립고궁박물관,20260811,67.28
국립고궁박물관,20260812,83.98
국립고궁박물관,20260813,86.6
국립고궁박물관,20260814,86.78
국립고궁박물관,20260815,98.29
국립고궁박물관,20260816,81.66
국립고궁박물관,20260817,78.9
국립고궁박물관,20260818,66.13
국립고궁박물관,20260819,79.01
국립고궁박물관,20260820,81.47
국립고궁박물관,20260821,85.97
국립고궁박물관,20260822,98.17
국립고궁박물관,20260823,80.43
국립고궁박물관,20260824,64.61
국립고궁박물관,20260825,61.74
국립고궁박물관,20260826,76.37
국립고궁박물관,20260827,81.93
국립고궁박물관,20260828,85.95
국립고궁박물관,20260829,98.02
국립고궁박물관,20260830,71.69
국립고궁박물관,20260831,71.11
국립고궁박물관,20260901,61.46
국립고궁박물관,20260902,79.23
국립고궁박물관,20260903,79.5
국립고궁박물관,20260904,84.35
국립고궁박물관,20260905,98.91
국립고궁박물관,20260906,89.58
국립고궁박물관,20260907,69.84
국립어린이과학관,20260809,91.33
국립어린이과학관,20260810,32.3
국립어린이과학관,20260811,32.39
국립어린이과학관,20260812,32.42
국립어린이과학관,20260813,32.29
국립어린이과학관,20260814,32.32
국립어린이과학관,20260815,88.68
국립어린이과학관,20260816,90.11
국립어린이과학관,20260817,89.75
국립어린이과학관,20260818,32.51
국립어린이과학관,20260819,32.52
국립어린이과학관,20260820,32.57
국립어린이과학관,20260821,32.26
국립어린이과학관,20260822,31.85
국립어린이과학관,20260823,48.33
국립어린이과학관,20260824,32.35
국립어린이과학관,20260825,32.37
국립어린이과학관,20260826,32.39
국립어린이과학관,20260827,32.28
국립어린이과학관,20260828,32.26
국립어린이과학관,20260829,32.53
국립어린이과학관,20260830,32.11
국립어린이과학관,20260831,32.29
국립어린이과학관,20260901,32.32
국립어린이과학관,20260902,32.64
국립어린이과학관,20260903,32.49
국립어린이과학관,20260904,32.3
국립어린이과학관,20260905,32.49
국립어린이과학관,20260906,32.46
국립어린이과학관,20260907,32.44
국립현대미술관 서울,20260809,70.09
국립현대미술관 서울,20260810,60.82
국립현대미술관 서울,20260811,57.86
국립현대미술관 서울,20260812,63.8
국립현대미술관 서울,20260813,69.18
국립현대미술관 서울,20260814,66.51
국립현대미술관 서울,20260815,97.04
국립현대미술관 서울,20260816,97.41
국립현대미술관 서울,20260817,72.22
국립현대미술관 서울,20260818,58.42
국립현대미술관 서울,20260819,71.17
국립현대미술관 서울,20260820,67.07
국립현대미술관 서울,20260821,66.45
국립현대미술관 서울,20260822,97.47
국립현대미술관 서울,20260823,73.24
국립현대미술관 서울,20260824,58.18
국립현대미술관 서울,20260825,49.53
국립현대미술관 서울,20260826,64.83
국립현대미술관 서울,20260827,65.06
국립현대미술관 서울,20260828,65.61
국립현대미술관 서울,20260829,97.11
국립현대미술관 서울,20260830,70.32
국립현대미술관 서울,20260831,59.85
국립현대미술관 서울,20260901,59.39
국립현대미술관 서울,20260902,83.66
국립현대미술관 서울,20260903,81.74
국립현대미술관 서울,20260904,85.86
국립현대미술관 서울,20260905,99.84
국립현대미술관 서울,20260906,96.77
국립현대미술관 서울,20260907,66.42
그라운드시소 서촌,20260809,81.79
그라운드시소 서촌,20260810,54.78
그라운드시소 서촌,20260811,54.47
그라운드시소 서촌,20260812,64.52
그라운드시소 서촌,20260813,65.87
그라운드시소 서촌,20260814,65.78
그라운드시소 서촌,20260815,92.08
그라운드시소 서촌,20260816,88.86
그라운드시소 서촌,20260817,72.64
그라운드시소 서촌,20260818,50.8
그라운드시소 서촌,20260819,60.71
그라운드시소 서촌,20260820,62.96
그라운드시소 서촌,20260821,61.36
그라운드시소 서촌,20260822,92.66
그라운드시소 서촌,20260823,76.52
그라운드시소 서촌,20260824,53.98
그라운드시소 서촌,20260825,53.19
그라운드시소 서촌,20260826,61.48
그라운드시소 서촌,20260827,62.59
그라운드시소 서촌,20260828,65.3
그라운드시소 서촌,20260829,90.9
그라운드시소 서촌,20260830,75.92
그라운드시소 서촌,20260831,56
그라운드시소 서촌,20260901,57.64
그라운드시소 서촌,20260902,67.64
그라운드시소 서촌,20260903,68.2
그라운드시소 서촌,20260904,64.85
그라운드시소 서촌,20260905,92.48
그라운드시소 서촌,20260906,81.75
그라운드시소 서촌,20260907,53.69
금선사(서울),20260809,59.21
금선사(서울),20260810,30.83
금선사(서울),20260811,31.68
금선사(서울),20260812,27.5
금선사(서울),20260813,32.28
금선사(서울),20260814,33.83
금선사(서울),20260815,82.36
금선사(서울),20260816,72.29
금선사(서울),20260817,27.87
금선사(서울),20260818,31.35
금선사(서울),20260819,30.17
금선사(서울),20260820,31.85
금선사(서울),20260821,42.92
금선사(서울),20260822,76.41
금선사(서울),20260823,61.5
금선사(서울),20260824,31.86
금선사(서울),20260825,41.37
금선사(서울),20260826,34.87
금선사(서울),20260827,40.87
금선사(서울),20260828,39.8
금선사(서울),20260829,69.54
금선사(서울),20260830,60.34
금선사(서울),20260831,37.38
금선사(서울),20260901,29.49
금선사(서울),20260902,27.69
금선사(서울),20260903,27.24
금선사(서울),20260904,33.72
금선사(서울),20260905,86.56
금선사(서울),20260906,94.75
금선사(서울),20260907,32.39
김달진미술자료박물관,20260809,55.49
김달진미술자료박물관,20260810,52.41
김달진미술자료박물관,20260811,55.12
김달진미술자료박물관,20260812,59.95
김달진미술자료박물관,20260813,59.5
김달진미술자료박물관,20260814,62.61
김달진미술자료박물관,20260815,78.23
김달진미술자료박물관,20260816,55.13
김달진미술자료박물관,20260817,52.9
김달진미술자료박물관,20260818,66.86
김달진미술자료박물관,20260819,70.57
김달진미술자료박물관,20260820,71.1
김달진미술자료박물관,20260821,80.94
김달진미술자료박물관,20260822,90.01
김달진미술자료박물관,20260823,58.99
김달진미술자료박물관,20260824,54.16
김달진미술자료박물관,20260825,68.23
김달진미술자료박물관,20260826,71.21
김달진미술자료박물관,20260827,73.17
김달진미술자료박물관,20260828,82.84
김달진미술자료박물관,20260829,84.04
김달진미술자료박물관,20260830,67.77
김달진미술자료박물관,20260831,58.76
김달진미술자료박물관,20260901,79.27
김달진미술자료박물관,20260902,81.79
김달진미술자료박물관,20260903,84.47
김달진미술자료박물관,20260904,88.5
김달진미술자료박물관,20260905,85.07
김달진미술자료박물관,20260906,66.68
김달진미술자료박물관,20260907,82.1
낙산공원,20260809,85.49
낙산공원,20260810,42.93
낙산공원,20260811,50.94
낙산공원,20260812,64.71
낙산공원,20260813,60.96
낙산공원,20260814,61.2
낙산공원,20260815,93.05
낙산공원,20260816,92.01
낙산공원,20260817,80.41
낙산공원,20260818,49.11
낙산공원,20260819,55.7
낙산공원,20260820,53.3
낙산공원,20260821,61.42
낙산공원,20260822,96.2
낙산공원,20260823,87.48
낙산공원,20260824,47.26
낙산공원,20260825,56.38
낙산공원,20260826,71.46
낙산공원,20260827,63.19
낙산공원,20260828,74.88
낙산공원,20260829,96.61
낙산공원,20260830,89.13
낙산공원,20260831,51.98
낙산공원,20260901,46.75
낙산공원,20260902,45.96
낙산공원,20260903,46.12
낙산공원,20260904,55.4
낙산공원,20260905,95.63
낙산공원,20260906,82.22
낙산공원,20260907,40.01
낙원동 아구찜 거리,20260809,89.61
낙원동 아구찜 거리,20260810,65.63
낙원동 아구찜 거리,20260811,67.21
낙원동 아구찜 거리,20260812,79.34
낙원동 아구찜 거리,20260813,63.15
낙원동 아구찜 거리,20260814,80.72
낙원동 아구찜 거리,20260815,97.72
낙원동 아구찜 거리,20260816,88.34
낙원동 아구찜 거리,20260817,67.13
낙원동 아구찜 거리,20260818,62.71
낙원동 아구찜 거리,20260819,64.08
낙원동 아구찜 거리,20260820,61.61
낙원동 아구찜 거리,20260821,75.38
낙원동 아구찜 거리,20260822,98.77
낙원동 아구찜 거리,20260823,84.6
낙원동 아구찜 거리,20260824,76.08
낙원동 아구찜 거리,20260825,66.25
낙원동 아구찜 거리,20260826,62.97
낙원동 아구찜 거리,20260827,62.4
낙원동 아구찜 거리,20260828,86.08
낙원동 아구찜 거리,20260829,98.18
낙원동 아구찜 거리,20260830,84.87
낙원동 아구찜 거리,20260831,83.54
낙원동 아구찜 거리,20260901,70.52
낙원동 아구찜 거리,20260902,75.03
낙원동 아구찜 거리,20260903,66.42
낙원동 아구찜 거리,20260904,73.67
낙원동 아구찜 거리,20260905,98.87
낙원동 아구찜 거리,20260906,81.12
낙원동 아구찜 거리,20260907,64.77
대각사,20260809,77.12
대각사,20260810,58.16
대각사,20260811,60.08
대각사,20260812,65.89
대각사,20260813,68.59
대각사,20260814,83.09
대각사,20260815,93.17
대각사,20260816,82.85
대각사,20260817,67.97
대각사,20260818,57.79
대각사,20260819,57.96
대각사,20260820,67.75
대각사,20260821,78.98
대각사,20260822,92.36
대각사,20260823,79.32
대각사,20260824,67.29
대각사,20260825,62.54
대각사,20260826,62.01
대각사,20260827,66.29
대각사,20260828,82.77
대각사,20260829,94.41
대각사,20260830,71.07
대각사,20260831,70.14
대각사,20260901,69.79
대각사,20260902,70.45
대각사,20260903,72.52
대각사,20260904,92.31
대각사,20260905,98.12
대각사,20260906,91.47
대각사,20260907,69.63
대학로,20260809,79.42
대학로,20260810,51.34
대학로,20260811,62.11
대학로,20260812,69
대학로,20260813,67.48
대학로,20260814,72.2
대학로,20260815,92.95
대학로,20260816,81.32
대학로,20260817,69.83
대학로,20260818,60.7
대학로,20260819,70.26
대학로,20260820,69.29
대학로,20260821,76.81
대학로,20260822,94.03
대학로,20260823,78.13
대학로,20260824,57.81
대학로,20260825,68.25
대학로,20260826,76.25
대학로,20260827,73.6
대학로,20260828,80.39
대학로,20260829,94.2
대학로,20260830,79.39
대학로,20260831,64.2
대학로,20260901,58.29
대학로,20260902,64.78
대학로,20260903,67.16
대학로,20260904,75.65
대학로,20260905,92.68
대학로,20260906,79.48
대학로,20260907,52.78
대한민국역사박물관,20260809,57.13
대한민국역사박물관,20260810,50.99
대한민국역사박물관,20260811,72.08
대한민국역사박물관,20260812,91.69
대한민국역사박물관,20260813,49.39
대한민국역사박물관,20260814,78.23
대한민국역사박물관,20260815,99.67
대한민국역사박물관,20260816,63.52
대한민국역사박물관,20260817,84.73
대한민국역사박물관,20260818,56.64
대한민국역사박물관,20260819,70.62
대한민국역사박물관,20260820,66.03
대한민국역사박물관,20260821,77.74
대한민국역사박물관,20260822,99.52
대한민국역사박물관,20260823,45.02
대한민국역사박물관,20260824,65.55
대한민국역사박물관,20260825,57.91
대한민국역사박물관,20260826,72.89
대한민국역사박물관,20260827,65.03
대한민국역사박물관,20260828,75.78
대한민국역사박물관,20260829,98.76
대한민국역사박물관,20260830,46.51
대한민국역사박물관,20260831,78.51
대한민국역사박물관,20260901,45.91
대한민국역사박물관,20260902,80.34
대한민국역사박물관,20260903,63.34
대한민국역사박물관,20260904,72.07
대한민국역사박물관,20260905,98.48
대한민국역사박물관,20260906,47.6
대한민국역사박물관,20260907,52.66
돈의문박물관마을,20260809,28.25
돈의문박물관마을,20260810,63.87
돈의문박물관마을,20260811,75.91
돈의문박물관마을,20260812,76.71
돈의문박물관마을,20260813,67.55
돈의문박물관마을,20260814,65.07
돈의문박물관마을,20260815,61.13
돈의문박물관마을,20260816,27.52
돈의문박물관마을,20260817,29.37
돈의문박물관마을,20260818,64.22
돈의문박물관마을,20260819,68.19
돈의문박물관마을,20260820,66.19
돈의문박물관마을,20260821,66.81
돈의문박물관마을,20260822,60.93
돈의문박물관마을,20260823,26.93
돈의문박물관마을,20260824,65.94
돈의문박물관마을,20260825,60.94
돈의문박물관마을,20260826,64.35
돈의문박물관마을,20260827,64.91
돈의문박물관마을,20260828,67.4
돈의문박물관마을,20260829,59.25
돈의문박물관마을,20260830,24.45
돈의문박물관마을,20260831,64.05
돈의문박물관마을,20260901,65.14
돈의문박물관마을,20260902,64.15
돈의문박물관마을,20260903,65.28
돈의문박물관마을,20260904,63.68
돈의문박물관마을,20260905,44.08
돈의문박물관마을,20260906,31.96
돈의문박물관마을,20260907,69.63
동대문 문구완구거리,20260809,53.15
동대문 문구완구거리,20260810,42.05
동대문 문구완구거리,20260811,38.35
동대문 문구완구거리,20260812,44.72
동대문 문구완구거리,20260813,48.68
동대문 문구완구거리,20260814,53.83
동대문 문구완구거리,20260815,78.15
동대문 문구완구거리,20260816,59.28
동대문 문구완구거리,20260817,40.67
동대문 문구완구거리,20260818,43.55
동대문 문구완구거리,20260819,43.38
동대문 문구완구거리,20260820,46.27
동대문 문구완구거리,20260821,45.7
동대문 문구완구거리,20260822,93.13
동대문 문구완구거리,20260823,77.55
동대문 문구완구거리,20260824,39.16
동대문 문구완구거리,20260825,69.14
동대문 문구완구거리,20260826,67.51
동대문 문구완구거리,20260827,64.15
동대문 문구완구거리,20260828,58.84
동대문 문구완구거리,20260829,87.6
동대문 문구완구거리,20260830,56.22
동대문 문구완구거리,20260831,53.97
동대문 문구완구거리,20260901,38.84
동대문 문구완구거리,20260902,36.13
동대문 문구완구거리,20260903,31.55
동대문 문구완구거리,20260904,46.25
동대문 문구완구거리,20260905,74.26
동대문 문구완구거리,20260906,41.42
동대문 문구완구거리,20260907,40.4
동림매듭공방,20260809,75.95
동림매듭공방,20260810,61.77
동림매듭공방,20260811,62.04
동림매듭공방,20260812,59.5
동림매듭공방,20260813,73.22
동림매듭공방,20260814,90.25
동림매듭공방,20260815,98.68
동림매듭공방,20260816,90.04
동림매듭공방,20260817,71.41
동림매듭공방,20260818,59.67
동림매듭공방,20260819,62.7
동림매듭공방,20260820,73.75
동림매듭공방,20260821,90.24
동림매듭공방,20260822,98.56
동림매듭공방,20260823,72.48
동림매듭공방,20260824,63.35
동림매듭공방,20260825,67.51
동림매듭공방,20260826,73.11
동림매듭공방,20260827,82.79
동림매듭공방,20260828,92.66
동림매듭공방,20260829,98.48
동림매듭공방,20260830,71.66
동림매듭공방,20260831,61.92
동림매듭공방,20260901,52.96
동림매듭공방,20260902,74.18
동림매듭공방,20260903,85.86
동림매듭공방,20260904,83.21
동림매듭공방,20260905,99.77
동림매듭공방,20260906,97.49
동림매듭공방,20260907,65.97
동십자각,20260809,93.57
동십자각,20260810,60.4
동십자각,20260811,80.86
동십자각,20260812,58.96
동십자각,20260813,97.32
동십자각,20260814,77.28
동십자각,20260815,40.32
동십자각,20260816,24.26
동십자각,20260817,28
동십자각,20260818,46.9
동십자각,20260819,38.62
동십자각,20260820,90.84
동십자각,20260821,47.62
동십자각,20260822,75.67
동십자각,20260823,29.83
동십자각,20260824,38.51
동십자각,20260825,49.84
동십자각,20260826,36.15
동십자각,20260827,87.86
동십자각,20260828,52.38
동십자각,20260829,75.03
동십자각,20260830,29.28
동십자각,20260831,39.08
동십자각,20260901,44.85
동십자각,20260902,40.18
동십자각,20260903,46.04
동십자각,20260904,45.95
동십자각,20260905,50.03
동십자각,20260906,32.15
동십자각,20260907,32.94
딜쿠샤,20260809,56.14
딜쿠샤,20260810,37.65
딜쿠샤,20260811,42.9
딜쿠샤,20260812,45.55
딜쿠샤,20260813,59.5
딜쿠샤,20260814,60.29
딜쿠샤,20260815,97.02
딜쿠샤,20260816,90.14
딜쿠샤,20260817,56.42
딜쿠샤,20260818,53.99
딜쿠샤,20260819,45.86
딜쿠샤,20260820,68.23
딜쿠샤,20260821,70.79
딜쿠샤,20260822,67.77
딜쿠샤,20260823,69.86
딜쿠샤,20260824,47.09
딜쿠샤,20260825,51.41
딜쿠샤,20260826,55.32
딜쿠샤,20260827,57.95
딜쿠샤,20260828,64.3
딜쿠샤,20260829,80.26
딜쿠샤,20260830,76.69
딜쿠샤,20260831,59.2
딜쿠샤,20260901,43.87
딜쿠샤,20260902,46.72
딜쿠샤,20260903,51.08
딜쿠샤,20260904,55.35
딜쿠샤,20260905,80.23
딜쿠샤,20260906,56.21
딜쿠샤,20260907,45.04
떡박물관,20260809,86.49
떡박물관,20260810,57.37
떡박물관,20260811,61.88
떡박물관,20260812,71.57
떡박물관,20260813,69.13
떡박물관,20260814,82.95
떡박물관,20260815,95.66
떡박물관,20260816,89.53
떡박물관,20260817,78.29
떡박물관,20260818,60.11
떡박물관,20260819,62.34
떡박물관,20260820,67.35
떡박물관,20260821,86.15
떡박물관,20260822,99.46
떡박물관,20260823,91.06
떡박물관,20260824,61.31
떡박물관,20260825,66.14
떡박물관,20260826,64.99
떡박물관,20260827,68.52
떡박물관,20260828,87.38
떡박물관,20260829,99.26
떡박물관,20260830,91.01
떡박물관,20260831,63.01
떡박물관,20260901,58.8
떡박물관,20260902,61
떡박물관,20260903,71.28
떡박물관,20260904,89.22
떡박물관,20260905,97.66
떡박물관,20260906,84.24
떡박물관,20260907,56.51
마로니에공원,20260809,73.54
마로니에공원,20260810,43.69
마로니에공원,20260811,62.77
마로니에공원,20260812,71.85
마로니에공원,20260813,64.01
마로니에공원,20260814,67.82
마로니에공원,20260815,90.05
마로니에공원,20260816,84.98
마로니에공원,20260817,41.83
마로니에공원,20260818,60.84
마로니에공원,20260819,69.55
마로니에공원,20260820,65.27
마로니에공원,20260821,57.84
마로니에공원,20260822,88.78
마로니에공원,20260823,78.69
마로니에공원,20260824,52.12
마로니에공원,20260825,62.64
마로니에공원,20260826,78.4
마로니에공원,20260827,75.66
마로니에공원,20260828,80.71
마로니에공원,20260829,91.86
마로니에공원,20260830,88.45
마로니에공원,20260831,53.35
마로니에공원,20260901,55.6
마로니에공원,20260902,62.22
마로니에공원,20260903,61.27
마로니에공원,20260904,66.9
마로니에공원,20260905,89.48
마로니에공원,20260906,72.39
마로니에공원,20260907,44.56
목인박물관 목석원,20260809,35.32
목인박물관 목석원,20260810,35.43
목인박물관 목석원,20260811,35.29
목인박물관 목석원,20260812,35.28
목인박물관 목석원,20260813,35.32
목인박물관 목석원,20260814,35.39
목인박물관 목석원,20260815,35.6
목인박물관 목석원,20260816,35.57
목인박물관 목석원,20260817,35.49
목인박물관 목석원,20260818,35.31
목인박물관 목석원,20260819,35.31
목인박물관 목석원,20260820,35.3
목인박물관 목석원,20260821,35.34
목인박물관 목석원,20260822,35.54
목인박물관 목석원,20260823,35.36
목인박물관 목석원,20260824,35.71
목인박물관 목석원,20260825,35.35
목인박물관 목석원,20260826,35.36
목인박물관 목석원,20260827,35.35
목인박물관 목석원,20260828,35.4
목인박물관 목석원,20260829,35.55
목인박물관 목석원,20260830,35.24
목인박물관 목석원,20260831,35.5
목인박물관 목석원,20260901,35.43
목인박물관 목석원,20260902,35.34
목인박물관 목석원,20260903,35.32
목인박물관 목석원,20260904,35.3
목인박물관 목석원,20260905,35.76
목인박물관 목석원,20260906,35.24
목인박물관 목석원,20260907,35.4
묘각사(서울),20260809,40.6
묘각사(서울),20260810,30.53
묘각사(서울),20260811,26.28
묘각사(서울),20260812,33.59
묘각사(서울),20260813,26.72
묘각사(서울),20260814,37.02
묘각사(서울),20260815,42.07
묘각사(서울),20260816,44.25
묘각사(서울),20260817,30.3
묘각사(서울),20260818,29.94
묘각사(서울),20260819,40.82
묘각사(서울),20260820,37.04
묘각사(서울),20260821,42.52
묘각사(서울),20260822,44.82
묘각사(서울),20260823,45.5
묘각사(서울),20260824,36.57
묘각사(서울),20260825,34.25
묘각사(서울),20260826,43.13
묘각사(서울),20260827,37.3
묘각사(서울),20260828,54.38
묘각사(서울),20260829,50.66
묘각사(서울),20260830,53.65
묘각사(서울),20260831,56.33
묘각사(서울),20260901,31.35
묘각사(서울),20260902,36.98
묘각사(서울),20260903,35.13
묘각사(서울),20260904,33.96
묘각사(서울),20260905,32.46
묘각사(서울),20260906,37.71
묘각사(서울),20260907,39.16
무궁화동산,20260809,24.39
무궁화동산,20260810,39.98
무궁화동산,20260811,40.45
무궁화동산,20260812,37.69
무궁화동산,20260813,37.31
무궁화동산,20260814,36.12
무궁화동산,20260815,33.38
무궁화동산,20260816,28.9
무궁화동산,20260817,29.27
무궁화동산,20260818,44.38
무궁화동산,20260819,44.16
무궁화동산,20260820,45.54
무궁화동산,20260821,45.53
무궁화동산,20260822,41.35
무궁화동산,20260823,24.31
무궁화동산,20260824,45.72
무궁화동산,20260825,47.25
무궁화동산,20260826,46.08
무궁화동산,20260827,44.42
무궁화동산,20260828,43.9
무궁화동산,20260829,41.71
무궁화동산,20260830,24.26
무궁화동산,20260831,42.66
무궁화동산,20260901,40.95
무궁화동산,20260902,41.58
무궁화동산,20260903,41.96
무궁화동산,20260904,38.82
무궁화동산,20260905,38.59
무궁화동산,20260906,23.92
무궁화동산,20260907,44.58
백사실계곡,20260809,57.21
백사실계곡,20260810,15.56
백사실계곡,20260811,28.92
백사실계곡,20260812,26.61
백사실계곡,20260813,28.46
백사실계곡,20260814,26.61
백사실계곡,20260815,82.12
백사실계곡,20260816,75.97
백사실계곡,20260817,48.39
백사실계곡,20260818,26.45
백사실계곡,20260819,38.3
백사실계곡,20260820,38.16
백사실계곡,20260821,40.92
백사실계곡,20260822,87.4
백사실계곡,20260823,73.41
백사실계곡,20260824,20.14
백사실계곡,20260825,27.22
백사실계곡,20260826,38.29
백사실계곡,20260827,37.1
백사실계곡,20260828,41.23
백사실계곡,20260829,85.98
백사실계곡,20260830,58.98
백사실계곡,20260831,20.14
백사실계곡,20260901,39.55
백사실계곡,20260902,42.32
백사실계곡,20260903,42.39
백사실계곡,20260904,43.69
백사실계곡,20260905,92.12
백사실계곡,20260906,79.56
백사실계곡,20260907,20.22
보성사터,20260809,48.79
보성사터,20260810,70.49
보성사터,20260811,75.74
보성사터,20260812,75.61
보성사터,20260813,76.27
보성사터,20260814,78.41
보성사터,20260815,92.68
보성사터,20260816,71.59
보성사터,20260817,43.79
보성사터,20260818,75.16
보성사터,20260819,75.81
보성사터,20260820,68.44
보성사터,20260821,77.54
보성사터,20260822,91.81
보성사터,20260823,52.09
보성사터,20260824,71.27
보성사터,20260825,80.04
보성사터,20260826,80.12
보성사터,20260827,79.95
보성사터,20260828,82.28
보성사터,20260829,92.44
보성사터,20260830,55.79
보성사터,20260831,81.12
보성사터,20260901,68.64
보성사터,20260902,71.14
보성사터,20260903,70.22
보성사터,20260904,71.97
보성사터,20260905,83.46
보성사터,20260906,39.68
보성사터,20260907,70.42
보신각 터,20260809,34.25
보신각 터,20260810,57.76
보신각 터,20260811,62.86
보신각 터,20260812,65.63
보신각 터,20260813,62.72
보신각 터,20260814,72.55
보신각 터,20260815,75.38
보신각 터,20260816,42.9
보신각 터,20260817,46.99
보신각 터,20260818,64.03
보신각 터,20260819,57.59
보신각 터,20260820,68.72
보신각 터,20260821,74.06
보신각 터,20260822,69.02
보신각 터,20260823,30.12
보신각 터,20260824,61.57
보신각 터,20260825,66.14
보신각 터,20260826,74.55
보신각 터,20260827,74.97
보신각 터,20260828,80.14
보신각 터,20260829,72.79
보신각 터,20260830,38.69
보신각 터,20260831,65.97
보신각 터,20260901,47.25
보신각 터,20260902,53.47
보신각 터,20260903,66.91
보신각 터,20260904,68.08
보신각 터,20260905,67.81
보신각 터,20260906,37.21
보신각 터,20260907,62.02
보안1942,20260809,72.27
보안1942,20260810,56.14
보안1942,20260811,56.61
보안1942,20260812,59.06
보안1942,20260813,63.8
보안1942,20260814,54.68
보안1942,20260815,76.04
보안1942,20260816,76.94
보안1942,20260817,71.59
보안1942,20260818,54.14
보안1942,20260819,59.34
보안1942,20260820,61.09
보안1942,20260821,64.57
보안1942,20260822,80.3
보안1942,20260823,71.32
보안1942,20260824,53.32
보안1942,20260825,54.5
보안1942,20260826,62.86
보안1942,20260827,63.54
보안1942,20260828,66.36
보안1942,20260829,79.15
보안1942,20260830,70.87
보안1942,20260831,58.88
보안1942,20260901,56.02
보안1942,20260902,59.18
보안1942,20260903,62.01
보안1942,20260904,57.64
보안1942,20260905,78.73
보안1942,20260906,75.48
보안1942,20260907,51.76
부엉이박물관,20260809,56.13
부엉이박물관,20260810,52.4
부엉이박물관,20260811,50.51
부엉이박물관,20260812,49.1
부엉이박물관,20260813,61.43
부엉이박물관,20260814,64.61
부엉이박물관,20260815,70.17
부엉이박물관,20260816,49.77
부엉이박물관,20260817,46.38
부엉이박물관,20260818,51.95
부엉이박물관,20260819,60.55
부엉이박물관,20260820,67.51
부엉이박물관,20260821,80.96
부엉이박물관,20260822,80.08
부엉이박물관,20260823,63.84
부엉이박물관,20260824,56.36
부엉이박물관,20260825,52.82
부엉이박물관,20260826,66.13
부엉이박물관,20260827,65.25
부엉이박물관,20260828,64.68
부엉이박물관,20260829,63.8
부엉이박물관,20260830,54.9
부엉이박물관,20260831,55.79
부엉이박물관,20260901,39.19
부엉이박물관,20260902,71.3
부엉이박물관,20260903,59.04
부엉이박물관,20260904,59.45
부엉이박물관,20260905,83.13
부엉이박물관,20260906,71.72
부엉이박물관,20260907,53.64
북악산,20260809,66.38
북악산,20260810,44.72
북악산,20260811,43.79
북악산,20260812,57.78
북악산,20260813,59
북악산,20260814,53.29
북악산,20260815,77.67
북악산,20260816,75.2
북악산,20260817,61.41
북악산,20260818,43.21
북악산,20260819,57.11
북악산,20260820,57.55
북악산,20260821,63.71
북악산,20260822,81.58
북악산,20260823,62.84
북악산,20260824,49.25
북악산,20260825,49.22
북악산,20260826,56.98
북악산,20260827,57.69
북악산,20260828,64.28
북악산,20260829,83.49
북악산,20260830,67.72
북악산,20260831,50.41
북악산,20260901,44.23
북악산,20260902,56.05
북악산,20260903,61.04
북악산,20260904,73.88
북악산,20260905,91.32
북악산,20260906,80
북악산,20260907,54.24
북악스카이 팔각정,20260809,87.22
북악스카이 팔각정,20260810,40.47
북악스카이 팔각정,20260811,48.75
북악스카이 팔각정,20260812,50.3
북악스카이 팔각정,20260813,48.01
북악스카이 팔각정,20260814,46.34
북악스카이 팔각정,20260815,91.42
북악스카이 팔각정,20260816,92.27
북악스카이 팔각정,20260817,80.65
북악스카이 팔각정,20260818,47.71
북악스카이 팔각정,20260819,45.21
북악스카이 팔각정,20260820,45.55
북악스카이 팔각정,20260821,61.09
북악스카이 팔각정,20260822,93.28
북악스카이 팔각정,20260823,90.96
북악스카이 팔각정,20260824,34.84
북악스카이 팔각정,20260825,45.02
북악스카이 팔각정,20260826,51.2
북악스카이 팔각정,20260827,48.41
북악스카이 팔각정,20260828,63.1
북악스카이 팔각정,20260829,90.71
북악스카이 팔각정,20260830,87.48
북악스카이 팔각정,20260831,57.87
북악스카이 팔각정,20260901,38.51
북악스카이 팔각정,20260902,47.45
북악스카이 팔각정,20260903,49.48
북악스카이 팔각정,20260904,58.59
북악스카이 팔각정,20260905,92.58
북악스카이 팔각정,20260906,84.66
북악스카이 팔각정,20260907,43.89
북촌생활사박물관,20260809,71.67
북촌생활사박물관,20260810,54.72
북촌생활사박물관,20260811,53.05
북촌생활사박물관,20260812,79.41
북촌생활사박물관,20260813,75.77
북촌생활사박물관,20260814,65.09
북촌생활사박물관,20260815,79.68
북촌생활사박물관,20260816,90.46
북촌생활사박물관,20260817,73.25
북촌생활사박물관,20260818,46.72
북촌생활사박물관,20260819,75.58
북촌생활사박물관,20260820,69.82
북촌생활사박물관,20260821,68.74
북촌생활사박물관,20260822,85.3
북촌생활사박물관,20260823,67.85
북촌생활사박물관,20260824,54.97
북촌생활사박물관,20260825,52.83
북촌생활사박물관,20260826,64.26
북촌생활사박물관,20260827,68.25
북촌생활사박물관,20260828,69.54
북촌생활사박물관,20260829,92.56
북촌생활사박물관,20260830,74.34
북촌생활사박물관,20260831,62.69
북촌생활사박물관,20260901,67.81
북촌생활사박물관,20260902,55.72
북촌생활사박물관,20260903,56.56
북촌생활사박물관,20260904,84.35
북촌생활사박물관,20260905,85.44
북촌생활사박물관,20260906,82.23
북촌생활사박물관,20260907,77.59
북촌한옥마을,20260809,80.26
북촌한옥마을,20260810,61.77
북촌한옥마을,20260811,65.52
북촌한옥마을,20260812,64.84
북촌한옥마을,20260813,69.66
북촌한옥마을,20260814,74.37
북촌한옥마을,20260815,92.52
북촌한옥마을,20260816,90.61
북촌한옥마을,20260817,73.3
북촌한옥마을,20260818,65.94
북촌한옥마을,20260819,68.77
북촌한옥마을,20260820,74.36
북촌한옥마을,20260821,76.12
북촌한옥마을,20260822,88.1
북촌한옥마을,20260823,76.82
북촌한옥마을,20260824,63.38
북촌한옥마을,20260825,73.23
북촌한옥마을,20260826,74.23
북촌한옥마을,20260827,74.82
북촌한옥마을,20260828,78.19
북촌한옥마을,20260829,91.72
북촌한옥마을,20260830,76.52
북촌한옥마을,20260831,64.73
북촌한옥마을,20260901,65.78
북촌한옥마을,20260902,74.67
북촌한옥마을,20260903,83.74
북촌한옥마을,20260904,90.34
북촌한옥마을,20260905,86.92
북촌한옥마을,20260906,91.31
북촌한옥마을,20260907,69.69
사직공원(서울),20260809,51.79
사직공원(서울),20260810,43.86
사직공원(서울),20260811,45
사직공원(서울),20260812,56.42
사직공원(서울),20260813,53.82
사직공원(서울),20260814,61.78
사직공원(서울),20260815,76.88
사직공원(서울),20260816,70.86
사직공원(서울),20260817,45.52
사직공원(서울),20260818,51.94
사직공원(서울),20260819,57.47
사직공원(서울),20260820,55.38
사직공원(서울),20260821,64.04
사직공원(서울),20260822,87.82
사직공원(서울),20260823,70.75
사직공원(서울),20260824,53.88
사직공원(서울),20260825,58.83
사직공원(서울),20260826,65.3
사직공원(서울),20260827,65.48
사직공원(서울),20260828,69.85
사직공원(서울),20260829,84.76
사직공원(서울),20260830,64.75
사직공원(서울),20260831,50.68
사직공원(서울),20260901,76.57
사직공원(서울),20260902,72.37
사직공원(서울),20260903,68.71
사직공원(서울),20260904,70.71
사직공원(서울),20260905,68.55
사직공원(서울),20260906,63.16
사직공원(서울),20260907,62.41
산마루놀이터,20260809,38.53
산마루놀이터,20260810,27.55
산마루놀이터,20260811,33.27
산마루놀이터,20260812,30.55
산마루놀이터,20260813,30.24
산마루놀이터,20260814,39.49
산마루놀이터,20260815,39.97
산마루놀이터,20260816,43.08
산마루놀이터,20260817,44.48
산마루놀이터,20260818,39.15
산마루놀이터,20260819,37.96
산마루놀이터,20260820,34.75
산마루놀이터,20260821,35.54
산마루놀이터,20260822,48.59
산마루놀이터,20260823,54.9
산마루놀이터,20260824,64.05
산마루놀이터,20260825,44.61
산마루놀이터,20260826,44.48
산마루놀이터,20260827,54.51
산마루놀이터,20260828,53.86
산마루놀이터,20260829,55.58
산마루놀이터,20260830,55.58
산마루놀이터,20260831,54.67
산마루놀이터,20260901,39.6
산마루놀이터,20260902,37.43
산마루놀이터,20260903,34.2
산마루놀이터,20260904,36.18
산마루놀이터,20260905,42.37
산마루놀이터,20260906,32.83
산마루놀이터,20260907,33.86
삼성출판박물관,20260809,62.05
삼성출판박물관,20260810,42.5
삼성출판박물관,20260811,52.27
삼성출판박물관,20260812,49.46
삼성출판박물관,20260813,49.02
삼성출판박물관,20260814,50.61
삼성출판박물관,20260815,85.2
삼성출판박물관,20260816,69.57
삼성출판박물관,20260817,47.98
삼성출판박물관,20260818,55.56
삼성출판박물관,20260819,51.54
삼성출판박물관,20260820,53.06
삼성출판박물관,20260821,52.82
삼성출판박물관,20260822,83.15
삼성출판박물관,20260823,68.44
삼성출판박물관,20260824,45.9
삼성출판박물관,20260825,56.47
삼성출판박물관,20260826,54.72
삼성출판박물관,20260827,55.22
삼성출판박물관,20260828,58.98
삼성출판박물관,20260829,85.91
삼성출판박물관,20260830,60.1
삼성출판박물관,20260831,51.99
삼성출판박물관,20260901,47.45
삼성출판박물관,20260902,52.09
삼성출판박물관,20260903,51.1
삼성출판박물관,20260904,43.7
삼성출판박물관,20260905,83.69
삼성출판박물관,20260906,69.93
삼성출판박물관,20260907,51.35
삼청공원,20260809,52.02
삼청공원,20260810,49.48
삼청공원,20260811,48.62
삼청공원,20260812,61.88
삼청공원,20260813,66.9
삼청공원,20260814,66.33
삼청공원,20260815,73.12
삼청공원,20260816,54.22
삼청공원,20260817,48.48
삼청공원,20260818,54.09
삼청공원,20260819,56.71
삼청공원,20260820,74.97
삼청공원,20260821,84.53
삼청공원,20260822,93.7
삼청공원,20260823,84.4
삼청공원,20260824,48.69
삼청공원,20260825,54.96
삼청공원,20260826,74.18
삼청공원,20260827,79.07
삼청공원,20260828,80.1
삼청공원,20260829,87.52
삼청공원,20260830,77.39
삼청공원,20260831,51.27
삼청공원,20260901,46.7
삼청공원,20260902,57.84
삼청공원,20260903,66.69
삼청공원,20260904,70.59
삼청공원,20260905,73.27
삼청공원,20260906,72.08
삼청공원,20260907,43.72
서울 경교장,20260809,8.86
서울 경교장,20260810,51.91
서울 경교장,20260811,64.44
서울 경교장,20260812,58.47
서울 경교장,20260813,66.91
서울 경교장,20260814,37.62
서울 경교장,20260815,9.75
서울 경교장,20260816,6.56
서울 경교장,20260817,7.66
서울 경교장,20260818,66.18
서울 경교장,20260819,61.14
서울 경교장,20260820,48.13
서울 경교장,20260821,52.5
서울 경교장,20260822,12.12
서울 경교장,20260823,7.8
서울 경교장,20260824,68.52
서울 경교장,20260825,70.31
서울 경교장,20260826,73.57
서울 경교장,20260827,53.87
서울 경교장,20260828,54.07
서울 경교장,20260829,7.63
서울 경교장,20260830,7.48
서울 경교장,20260831,54.61
서울 경교장,20260901,79.39
서울 경교장,20260902,54.47
서울 경교장,20260903,63.4
서울 경교장,20260904,68.25
서울 경교장,20260905,7.38
서울 경교장,20260906,8.07
서울 경교장,20260907,60.73
서울 관상감 관천대,20260809,36.28
서울 관상감 관천대,20260810,44.27
서울 관상감 관천대,20260811,44.04
서울 관상감 관천대,20260812,44.64
서울 관상감 관천대,20260813,44.82
서울 관상감 관천대,20260814,45.17
서울 관상감 관천대,20260815,36.1
서울 관상감 관천대,20260816,36.3
서울 관상감 관천대,20260817,37.14
서울 관상감 관천대,20260818,44.37
서울 관상감 관천대,20260819,44.24
서울 관상감 관천대,20260820,45.56
서울 관상감 관천대,20260821,43.78
서울 관상감 관천대,20260822,35.84
서울 관상감 관천대,20260823,36.18
서울 관상감 관천대,20260824,45.44
서울 관상감 관천대,20260825,45.86
서울 관상감 관천대,20260826,46.68
서울 관상감 관천대,20260827,45.78
서울 관상감 관천대,20260828,45.12
서울 관상감 관천대,20260829,35.96
서울 관상감 관천대,20260830,36.18
서울 관상감 관천대,20260831,45.71
서울 관상감 관천대,20260901,48.2
서울 관상감 관천대,20260902,48.92
서울 관상감 관천대,20260903,47.75
서울 관상감 관천대,20260904,46.72
서울 관상감 관천대,20260905,36.74
서울 관상감 관천대,20260906,36.48
서울 관상감 관천대,20260907,48.55
서울 동관왕묘,20260809,95.6
서울 동관왕묘,20260810,49.48
서울 동관왕묘,20260811,53.38
서울 동관왕묘,20260812,54.59
서울 동관왕묘,20260813,55.03
서울 동관왕묘,20260814,62.55
서울 동관왕묘,20260815,93.65
서울 동관왕묘,20260816,92.57
서울 동관왕묘,20260817,61.37
서울 동관왕묘,20260818,50.9
서울 동관왕묘,20260819,59.12
서울 동관왕묘,20260820,61.94
서울 동관왕묘,20260821,60.25
서울 동관왕묘,20260822,99.14
서울 동관왕묘,20260823,95.82
서울 동관왕묘,20260824,66.7
서울 동관왕묘,20260825,65.26
서울 동관왕묘,20260826,67.37
서울 동관왕묘,20260827,67.57
서울 동관왕묘,20260828,70.61
서울 동관왕묘,20260829,97.04
서울 동관왕묘,20260830,94.97
서울 동관왕묘,20260831,68.67
서울 동관왕묘,20260901,53.35
서울 동관왕묘,20260902,53.96
서울 동관왕묘,20260903,57.42
서울 동관왕묘,20260904,63.68
서울 동관왕묘,20260905,91.75
서울 동관왕묘,20260906,93.25
서울 동관왕묘,20260907,57.61
서울 동대문 닭한마리 골목,20260809,48.54
서울 동대문 닭한마리 골목,20260810,62.6
서울 동대문 닭한마리 골목,20260811,71.88
서울 동대문 닭한마리 골목,20260812,77.89
서울 동대문 닭한마리 골목,20260813,80.44
서울 동대문 닭한마리 골목,20260814,79.88
서울 동대문 닭한마리 골목,20260815,89.49
서울 동대문 닭한마리 골목,20260816,50.66
서울 동대문 닭한마리 골목,20260817,66.01
서울 동대문 닭한마리 골목,20260818,68
서울 동대문 닭한마리 골목,20260819,73.79
서울 동대문 닭한마리 골목,20260820,81.67
서울 동대문 닭한마리 골목,20260821,78.21
서울 동대문 닭한마리 골목,20260822,97.5
서울 동대문 닭한마리 골목,20260823,42.42
서울 동대문 닭한마리 골목,20260824,76.72
서울 동대문 닭한마리 골목,20260825,76.22
서울 동대문 닭한마리 골목,20260826,76.14
서울 동대문 닭한마리 골목,20260827,79.98
서울 동대문 닭한마리 골목,20260828,81.62
서울 동대문 닭한마리 골목,20260829,88.88
서울 동대문 닭한마리 골목,20260830,43.15
서울 동대문 닭한마리 골목,20260831,76.59
서울 동대문 닭한마리 골목,20260901,76.25
서울 동대문 닭한마리 골목,20260902,77.56
서울 동대문 닭한마리 골목,20260903,79.43
서울 동대문 닭한마리 골목,20260904,78.79
서울 동대문 닭한마리 골목,20260905,91.95
서울 동대문 닭한마리 골목,20260906,49.74
서울 동대문 닭한마리 골목,20260907,73.77
서울 문묘와 성균관,20260809,37.83
서울 문묘와 성균관,20260810,44.11
서울 문묘와 성균관,20260811,54.97
서울 문묘와 성균관,20260812,55.42
서울 문묘와 성균관,20260813,49.88
서울 문묘와 성균관,20260814,56.21
서울 문묘와 성균관,20260815,68.51
서울 문묘와 성균관,20260816,47.11
서울 문묘와 성균관,20260817,50.35
서울 문묘와 성균관,20260818,60.05
서울 문묘와 성균관,20260819,53.82
서울 문묘와 성균관,20260820,50.63
서울 문묘와 성균관,20260821,77.6
서울 문묘와 성균관,20260822,76.99
서울 문묘와 성균관,20260823,85.02
서울 문묘와 성균관,20260824,79.44
서울 문묘와 성균관,20260825,87.39
서울 문묘와 성균관,20260826,70.64
서울 문묘와 성균관,20260827,66.41
서울 문묘와 성균관,20260828,75.88
서울 문묘와 성균관,20260829,79.84
서울 문묘와 성균관,20260830,72.57
서울 문묘와 성균관,20260831,67.58
서울 문묘와 성균관,20260901,85.48
서울 문묘와 성균관,20260902,89.18
서울 문묘와 성균관,20260903,87.88
서울 문묘와 성균관,20260904,87.47
서울 문묘와 성균관,20260905,82.66
서울 문묘와 성균관,20260906,71.5
서울 문묘와 성균관,20260907,90.91
서울 우정총국,20260809,64.75
서울 우정총국,20260810,52.88
서울 우정총국,20260811,57.08
서울 우정총국,20260812,59.22
서울 우정총국,20260813,62.28
서울 우정총국,20260814,60.42
서울 우정총국,20260815,99.97
서울 우정총국,20260816,93.77
서울 우정총국,20260817,64.13
서울 우정총국,20260818,56.6
서울 우정총국,20260819,57.08
서울 우정총국,20260820,72.64
서울 우정총국,20260821,73.87
서울 우정총국,20260822,99.99
서울 우정총국,20260823,79.82
서울 우정총국,20260824,51.84
서울 우정총국,20260825,59.96
서울 우정총국,20260826,65.23
서울 우정총국,20260827,66.46
서울 우정총국,20260828,67.8
서울 우정총국,20260829,99.97
서울 우정총국,20260830,74.74
서울 우정총국,20260831,60.15
서울 우정총국,20260901,79.02
서울 우정총국,20260902,78.34
서울 우정총국,20260903,83.51
서울 우정총국,20260904,85.67
서울 우정총국,20260905,99.36
서울 우정총국,20260906,90.97
서울 우정총국,20260907,65.18
서울 운현궁,20260809,69.42
서울 운현궁,20260810,74.23
서울 운현궁,20260811,77.78
서울 운현궁,20260812,77.7
서울 운현궁,20260813,80.93
서울 운현궁,20260814,83.66
서울 운현궁,20260815,97.69
서울 운현궁,20260816,74.76
서울 운현궁,20260817,73.2
서울 운현궁,20260818,75.35
서울 운현궁,20260819,75.18
서울 운현궁,20260820,81.39
서울 운현궁,20260821,83.95
서울 운현궁,20260822,97.51
서울 운현궁,20260823,80.31
서울 운현궁,20260824,79.73
서울 운현궁,20260825,78.25
서울 운현궁,20260826,80.35
서울 운현궁,20260827,82.05
서울 운현궁,20260828,84.68
서울 운현궁,20260829,97.73
서울 운현궁,20260830,77.8
서울 운현궁,20260831,83.51
서울 운현궁,20260901,69.85
서울 운현궁,20260902,81.92
서울 운현궁,20260903,82.35
서울 운현궁,20260904,86.08
서울 운현궁,20260905,99.37
서울 운현궁,20260906,77.99
서울 운현궁,20260907,73.12
서울 종로 낙지볶음 골목,20260809,29.02
서울 종로 낙지볶음 골목,20260810,76.02
서울 종로 낙지볶음 골목,20260811,80.69
서울 종로 낙지볶음 골목,20260812,81.24
서울 종로 낙지볶음 골목,20260813,85.32
서울 종로 낙지볶음 골목,20260814,85.45
서울 종로 낙지볶음 골목,20260815,73.04
서울 종로 낙지볶음 골목,20260816,31.38
서울 종로 낙지볶음 골목,20260817,35.4
서울 종로 낙지볶음 골목,20260818,78.37
서울 종로 낙지볶음 골목,20260819,80.74
서울 종로 낙지볶음 골목,20260820,89.12
서울 종로 낙지볶음 골목,20260821,89.26
서울 종로 낙지볶음 골목,20260822,76.7
서울 종로 낙지볶음 골목,20260823,30.21
서울 종로 낙지볶음 골목,20260824,77.15
서울 종로 낙지볶음 골목,20260825,80.59
서울 종로 낙지볶음 골목,20260826,87.39
서울 종로 낙지볶음 골목,20260827,88.84
서울 종로 낙지볶음 골목,20260828,88.44
서울 종로 낙지볶음 골목,20260829,76.8
서울 종로 낙지볶음 골목,20260830,25.64
서울 종로 낙지볶음 골목,20260831,79.59
서울 종로 낙지볶음 골목,20260901,71.17
서울 종로 낙지볶음 골목,20260902,74.77
서울 종로 낙지볶음 골목,20260903,77.65
서울 종로 낙지볶음 골목,20260904,76.78
서울 종로 낙지볶음 골목,20260905,59.69
서울 종로 낙지볶음 골목,20260906,41.73
서울 종로 낙지볶음 골목,20260907,75.7
서울공예박물관,20260809,69.58
서울공예박물관,20260810,58.71
서울공예박물관,20260811,71.18
서울공예박물관,20260812,79.41
서울공예박물관,20260813,80.1
서울공예박물관,20260814,81.02
서울공예박물관,20260815,96.35
서울공예박물관,20260816,84.87
서울공예박물관,20260817,70.9
서울공예박물관,20260818,71.05
서울공예박물관,20260819,71.12
서울공예박물관,20260820,76.3
서울공예박물관,20260821,78.79
서울공예박물관,20260822,95.97
서울공예박물관,20260823,72.08
서울공예박물관,20260824,69.91
서울공예박물관,20260825,69.57
서울공예박물관,20260826,73.06
서울공예박물관,20260827,71.83
서울공예박물관,20260828,72.1
서울공예박물관,20260829,95.77
서울공예박물관,20260830,70.52
서울공예박물관,20260831,86.31
서울공예박물관,20260901,69.61
서울공예박물관,20260902,67.61
서울공예박물관,20260903,76.57
서울공예박물관,20260904,79.48
서울공예박물관,20260905,96.75
서울공예박물관,20260906,86.3
서울공예박물관,20260907,58.74
서울교육박물관,20260809,76.37
서울교육박물관,20260810,62.32
서울교육박물관,20260811,62.82
서울교육박물관,20260812,66.45
서울교육박물관,20260813,68.21
서울교육박물관,20260814,72.54
서울교육박물관,20260815,94.78
서울교육박물관,20260816,92.52
서울교육박물관,20260817,79.92
서울교육박물관,20260818,57.87
서울교육박물관,20260819,61.58
서울교육박물관,20260820,67.33
서울교육박물관,20260821,68.27
서울교육박물관,20260822,94.2
서울교육박물관,20260823,77.9
서울교육박물관,20260824,60.75
서울교육박물관,20260825,61.09
서울교육박물관,20260826,66.35
서울교육박물관,20260827,70.01
서울교육박물관,20260828,71.35
서울교육박물관,20260829,94.02
서울교육박물관,20260830,72.3
서울교육박물관,20260831,63.53
서울교육박물관,20260901,52.26
서울교육박물관,20260902,91.01
서울교육박물관,20260903,95.14
서울교육박물관,20260904,95.3
서울교육박물관,20260905,99.57
서울교육박물관,20260906,97.84
서울교육박물관,20260907,67.05
서울역사박물관,20260809,48.68
서울역사박물관,20260810,52.86
서울역사박물관,20260811,60.16
서울역사박물관,20260812,61.89
서울역사박물관,20260813,62.47
서울역사박물관,20260814,72.01
서울역사박물관,20260815,82.87
서울역사박물관,20260816,33.85
서울역사박물관,20260817,43.76
서울역사박물관,20260818,59.31
서울역사박물관,20260819,61.55
서울역사박물관,20260820,61.45
서울역사박물관,20260821,72.23
서울역사박물관,20260822,80.73
서울역사박물관,20260823,53.18
서울역사박물관,20260824,55.19
서울역사박물관,20260825,69.4
서울역사박물관,20260826,78.57
서울역사박물관,20260827,83.76
서울역사박물관,20260828,75.52
서울역사박물관,20260829,79.53
서울역사박물관,20260830,56.13
서울역사박물관,20260831,56.05
서울역사박물관,20260901,60.56
서울역사박물관,20260902,60.04
서울역사박물관,20260903,61.24
서울역사박물관,20260904,66.7
서울역사박물관,20260905,66.14
서울역사박물관,20260906,45.43
서울역사박물관,20260907,50.08
서울우리소리박물관,20260809,58.75
서울우리소리박물관,20260810,54.31
서울우리소리박물관,20260811,72.97
서울우리소리박물관,20260812,52.11
서울우리소리박물관,20260813,73.62
서울우리소리박물관,20260814,78.03
서울우리소리박물관,20260815,94.12
서울우리소리박물관,20260816,58.67
서울우리소리박물관,20260817,50.94
서울우리소리박물관,20260818,65.02
서울우리소리박물관,20260819,53.82
서울우리소리박물관,20260820,53.36
서울우리소리박물관,20260821,61.86
서울우리소리박물관,20260822,98.83
서울우리소리박물관,20260823,71.52
서울우리소리박물관,20260824,44.36
서울우리소리박물관,20260825,76.31
서울우리소리박물관,20260826,62.03
서울우리소리박물관,20260827,58.24
서울우리소리박물관,20260828,63.71
서울우리소리박물관,20260829,92.19
서울우리소리박물관,20260830,57.91
서울우리소리박물관,20260831,49.91
서울우리소리박물관,20260901,68.07
서울우리소리박물관,20260902,64.08
서울우리소리박물관,20260903,67.33
서울우리소리박물관,20260904,74.71
서울우리소리박물관,20260905,94.47
서울우리소리박물관,20260906,76.62
서울우리소리박물관,20260907,54.64
서촌마을,20260809,85.66
서촌마을,20260810,49.9
서촌마을,20260811,52.52
서촌마을,20260812,59.93
서촌마을,20260813,58.69
서촌마을,20260814,65.08
서촌마을,20260815,93.11
서촌마을,20260816,87.06
서촌마을,20260817,61.69
서촌마을,20260818,45.41
서촌마을,20260819,52.97
서촌마을,20260820,57.8
서촌마을,20260821,65.66
서촌마을,20260822,83.99
서촌마을,20260823,82.02
서촌마을,20260824,50.35
서촌마을,20260825,48.98
서촌마을,20260826,53.13
서촌마을,20260827,56.03
서촌마을,20260828,72.25
서촌마을,20260829,91.86
서촌마을,20260830,81.29
서촌마을,20260831,56.27
서촌마을,20260901,47.36
서촌마을,20260902,47.26
서촌마을,20260903,54.49
서촌마을,20260904,71.11
서촌마을,20260905,90.5
서촌마을,20260906,82.57
서촌마을,20260907,50.22
석파정서울미술관,20260809,86.05
석파정서울미술관,20260810,31.41
석파정서울미술관,20260811,34.66
석파정서울미술관,20260812,64.25
석파정서울미술관,20260813,64.17
석파정서울미술관,20260814,59.6
석파정서울미술관,20260815,89.05
석파정서울미술관,20260816,81.31
석파정서울미술관,20260817,79.76
석파정서울미술관,20260818,37.01
석파정서울미술관,20260819,65.74
석파정서울미술관,20260820,65.67
석파정서울미술관,20260821,70.09
석파정서울미술관,20260822,94.56
석파정서울미술관,20260823,86.89
석파정서울미술관,20260824,40.26
석파정서울미술관,20260825,43.41
석파정서울미술관,20260826,69.15
석파정서울미술관,20260827,65.21
석파정서울미술관,20260828,71.84
석파정서울미술관,20260829,95.88
석파정서울미술관,20260830,89.94
석파정서울미술관,20260831,38.74
석파정서울미술관,20260901,33.09
석파정서울미술관,20260902,65.85
석파정서울미술관,20260903,52.36
석파정서울미술관,20260904,67.33
석파정서울미술관,20260905,90.97
석파정서울미술관,20260906,83.4
석파정서울미술관,20260907,42.9
세검정 터 (구 세검정),20260809,21.68
세검정 터 (구 세검정),20260810,18.88
세검정 터 (구 세검정),20260811,19.47
세검정 터 (구 세검정),20260812,23.07
세검정 터 (구 세검정),20260813,22.72
세검정 터 (구 세검정),20260814,78.8
세검정 터 (구 세검정),20260815,60.31
세검정 터 (구 세검정),20260816,67.36
세검정 터 (구 세검정),20260817,19.45
세검정 터 (구 세검정),20260818,22.17
세검정 터 (구 세검정),20260819,26.62
세검정 터 (구 세검정),20260820,26.39
세검정 터 (구 세검정),20260821,96.82
세검정 터 (구 세검정),20260822,72.83
세검정 터 (구 세검정),20260823,59.39
세검정 터 (구 세검정),20260824,22.43
세검정 터 (구 세검정),20260825,24.17
세검정 터 (구 세검정),20260826,25.56
세검정 터 (구 세검정),20260827,28.29
세검정 터 (구 세검정),20260828,57.88
세검정 터 (구 세검정),20260829,84.76
세검정 터 (구 세검정),20260830,65.45
세검정 터 (구 세검정),20260831,21.9
세검정 터 (구 세검정),20260901,20.79
세검정 터 (구 세검정),20260902,22.66
세검정 터 (구 세검정),20260903,23.83
세검정 터 (구 세검정),20260904,24.76
세검정 터 (구 세검정),20260905,77.16
세검정 터 (구 세검정),20260906,17.51
세검정 터 (구 세검정),20260907,18.03
세계장신구박물관,20260809,91.92
세계장신구박물관,20260810,64.52
세계장신구박물관,20260811,59.39
세계장신구박물관,20260812,76.43
세계장신구박물관,20260813,73.26
세계장신구박물관,20260814,64.86
세계장신구박물관,20260815,97.6
세계장신구박물관,20260816,95.6
세계장신구박물관,20260817,92.85
세계장신구박물관,20260818,46.31
세계장신구박물관,20260819,77.1
세계장신구박물관,20260820,68.02
세계장신구박물관,20260821,71.42
세계장신구박물관,20260822,99.76
세계장신구박물관,20260823,92.13
세계장신구박물관,20260824,54.28
세계장신구박물관,20260825,54.08
세계장신구박물관,20260826,80.73
세계장신구박물관,20260827,68.41
세계장신구박물관,20260828,73.91
세계장신구박물관,20260829,99.54
세계장신구박물관,20260830,89.2
세계장신구박물관,20260831,63.07
세계장신구박물관,20260901,55.31
세계장신구박물관,20260902,85.11
세계장신구박물관,20260903,87.01
세계장신구박물관,20260904,96.3
세계장신구박물관,20260905,99.07
세계장신구박물관,20260906,97.84
세계장신구박물관,20260907,75.55
세종로공원,20260809,70.88
세종로공원,20260810,52.17
세종로공원,20260811,53.57
세종로공원,20260812,58.27
세종로공원,20260813,58.41
세종로공원,20260814,69.09
세종로공원,20260815,99.36
세종로공원,20260816,99.14
세종로공원,20260817,49.84
세종로공원,20260818,51.51
세종로공원,20260819,58.53
세종로공원,20260820,58.68
세종로공원,20260821,70.94
세종로공원,20260822,99.74
세종로공원,20260823,77.39
세종로공원,20260824,46.83
세종로공원,20260825,50.57
세종로공원,20260826,56.37
세종로공원,20260827,57.69
세종로공원,20260828,69.02
세종로공원,20260829,99.74
세종로공원,20260830,77.26
세종로공원,20260831,49.84
세종로공원,20260901,41.82
세종로공원,20260902,51.38
세종로공원,20260903,51.39
세종로공원,20260904,71.85
세종로공원,20260905,99.26
세종로공원,20260906,73.05
세종로공원,20260907,48.32
세종문화회관,20260809,76.18
세종문화회관,20260810,55.92
세종문화회관,20260811,64.93
세종문화회관,20260812,70.74
세종문화회관,20260813,71.12
세종문화회관,20260814,75.69
세종문화회관,20260815,97.99
세종문화회관,20260816,96.72
세종문화회관,20260817,64.73
세종문화회관,20260818,64.61
세종문화회관,20260819,62.78
세종문화회관,20260820,62.82
세종문화회관,20260821,84.49
세종문화회관,20260822,97.72
세종문화회관,20260823,83.67
세종문화회관,20260824,53.99
세종문화회관,20260825,63.91
세종문화회관,20260826,74.81
세종문화회관,20260827,76.28
세종문화회관,20260828,80.5
세종문화회관,20260829,97.72
세종문화회관,20260830,83.69
세종문화회관,20260831,53.93
세종문화회관,20260901,60.06
세종문화회관,20260902,59.29
세종문화회관,20260903,59.14
세종문화회관,20260904,67.84
세종문화회관,20260905,96.38
세종문화회관,20260906,76.6
세종문화회관,20260907,54.92
소림사(서울),20260809,27.24
소림사(서울),20260810,33.02
소림사(서울),20260811,25.48
소림사(서울),20260812,35.09
소림사(서울),20260813,27.79
소림사(서울),20260814,32.4
소림사(서울),20260815,50.8
소림사(서울),20260816,40.66
소림사(서울),20260817,46.69
소림사(서울),20260818,32.33
소림사(서울),20260819,67.29
소림사(서울),20260820,75.03
소림사(서울),20260821,58.64
소림사(서울),20260822,65.82
소림사(서울),20260823,61.67
소림사(서울),20260824,26.01
소림사(서울),20260825,59.34
소림사(서울),20260826,52.98
소림사(서울),20260827,63.37
소림사(서울),20260828,68.29
소림사(서울),20260829,61.61
소림사(서울),20260830,52.67
소림사(서울),20260831,70.6
소림사(서울),20260901,21.22
소림사(서울),20260902,28.3
소림사(서울),20260903,18.07
소림사(서울),20260904,53.28
소림사(서울),20260905,56.34
소림사(서울),20260906,32.77
소림사(서울),20260907,32.4
수성동계곡,20260809,55.19
수성동계곡,20260810,27.27
수성동계곡,20260811,27.87
수성동계곡,20260812,26.22
수성동계곡,20260813,32.57
수성동계곡,20260814,32.46
수성동계곡,20260815,68.58
수성동계곡,20260816,62.42
수성동계곡,20260817,51.4
수성동계곡,20260818,29.99
수성동계곡,20260819,28.87
수성동계곡,20260820,31.12
수성동계곡,20260821,34.79
수성동계곡,20260822,60.65
수성동계곡,20260823,52.36
수성동계곡,20260824,27.58
수성동계곡,20260825,30.89
수성동계곡,20260826,30.93
수성동계곡,20260827,33.49
수성동계곡,20260828,34.12
수성동계곡,20260829,63.86
수성동계곡,20260830,53.55
수성동계곡,20260831,27.44
수성동계곡,20260901,29.44
수성동계곡,20260902,34.3
수성동계곡,20260903,32.38
수성동계곡,20260904,36.72
수성동계곡,20260905,84.98
수성동계곡,20260906,80.17
수성동계곡,20260907,28.63
수애뇨339,20260809,26.24
수애뇨339,20260810,27.53
수애뇨339,20260811,30.18
수애뇨339,20260812,35.38
수애뇨339,20260813,48.81
수애뇨339,20260814,56.76
수애뇨339,20260815,34.73
수애뇨339,20260816,23.46
수애뇨339,20260817,25.72
수애뇨339,20260818,34.18
수애뇨339,20260819,33.33
수애뇨339,20260820,31.42
수애뇨339,20260821,35.92
수애뇨339,20260822,27.11
수애뇨339,20260823,31.21
수애뇨339,20260824,27.22
수애뇨339,20260825,33.36
수애뇨339,20260826,44.2
수애뇨339,20260827,49.52
수애뇨339,20260828,40.85
수애뇨339,20260829,36.47
수애뇨339,20260830,26.97
수애뇨339,20260831,28.88
수애뇨339,20260901,34.46
수애뇨339,20260902,30.47
수애뇨339,20260903,38.94
수애뇨339,20260904,33.19
수애뇨339,20260905,49.93
수애뇨339,20260906,27.23
수애뇨339,20260907,30.2
숭인근린공원,20260809,51.5
숭인근린공원,20260810,44.4
숭인근린공원,20260811,43.82
숭인근린공원,20260812,45.76
숭인근린공원,20260813,45.92
숭인근린공원,20260814,47.83
숭인근린공원,20260815,61.14
숭인근린공원,20260816,51.61
숭인근린공원,20260817,45.23
숭인근린공원,20260818,43.25
숭인근린공원,20260819,43.5
숭인근린공원,20260820,48.43
숭인근린공원,20260821,50.39
숭인근린공원,20260822,70.57
숭인근린공원,20260823,69.94
숭인근린공원,20260824,67.2
숭인근린공원,20260825,66.44
숭인근린공원,20260826,67.86
숭인근린공원,20260827,68.16
숭인근린공원,20260828,81.47
숭인근린공원,20260829,79.9
숭인근린공원,20260830,74.01
숭인근린공원,20260831,79.33
숭인근린공원,20260901,35.75
숭인근린공원,20260902,34.72
숭인근린공원,20260903,30.97
숭인근린공원,20260904,39.04
숭인근린공원,20260905,61.86
숭인근린공원,20260906,68.07
숭인근린공원,20260907,39.26
쉼박물관,20260809,59.81
쉼박물관,20260810,56.71
쉼박물관,20260811,53.33
쉼박물관,20260812,59.79
쉼박물관,20260813,60.38
쉼박물관,20260814,73.59
쉼박물관,20260815,78.87
쉼박물관,20260816,61.06
쉼박물관,20260817,62.58
쉼박물관,20260818,60.71
쉼박물관,20260819,68.37
쉼박물관,20260820,68
쉼박물관,20260821,78.19
쉼박물관,20260822,78.6
쉼박물관,20260823,63.79
쉼박물관,20260824,59.51
쉼박물관,20260825,65.95
쉼박물관,20260826,70.13
쉼박물관,20260827,68.08
쉼박물관,20260828,73.12
쉼박물관,20260829,77.13
쉼박물관,20260830,63.07
쉼박물관,20260831,60.97
쉼박물관,20260901,71.59
쉼박물관,20260902,82.51
쉼박물관,20260903,80.73
쉼박물관,20260904,81.27
쉼박물관,20260905,85.26
쉼박물관,20260906,67.35
쉼박물관,20260907,86.99
승가사(서울),20260809,89.38
승가사(서울),20260810,34.93
승가사(서울),20260811,43.73
승가사(서울),20260812,49.71
승가사(서울),20260813,30.89
승가사(서울),20260814,35.13
승가사(서울),20260815,94.02
승가사(서울),20260816,95.42
승가사(서울),20260817,72.03
승가사(서울),20260818,40.16
승가사(서울),20260819,54.16
승가사(서울),20260820,50.93
승가사(서울),20260821,41.71
승가사(서울),20260822,96.59
승가사(서울),20260823,93.98
승가사(서울),20260824,34.4
승가사(서울),20260825,35.42
승가사(서울),20260826,40.16
승가사(서울),20260827,46.59
승가사(서울),20260828,34.46
승가사(서울),20260829,95.51
승가사(서울),20260830,90.43
승가사(서울),20260831,40
승가사(서울),20260901,38.93
승가사(서울),20260902,35.21
승가사(서울),20260903,28.21
승가사(서울),20260904,39.76
승가사(서울),20260905,63.62
승가사(서울),20260906,94.37
승가사(서울),20260907,39.01
승동교회,20260809,76.51
승동교회,20260810,67.26
승동교회,20260811,68.67
승동교회,20260812,73.46
승동교회,20260813,73.65
승동교회,20260814,79.18
승동교회,20260815,98.15
승동교회,20260816,91.88
승동교회,20260817,71.39
승동교회,20260818,63.06
승동교회,20260819,73.54
승동교회,20260820,72.26
승동교회,20260821,79.23
승동교회,20260822,97.01
승동교회,20260823,77.45
승동교회,20260824,73.07
승동교회,20260825,73.76
승동교회,20260826,78.31
승동교회,20260827,78.47
승동교회,20260828,82.01
승동교회,20260829,99.2
승동교회,20260830,77.61
승동교회,20260831,71.89
승동교회,20260901,64.57
승동교회,20260902,78.43
승동교회,20260903,77.26
승동교회,20260904,77.67
승동교회,20260905,98.37
승동교회,20260906,76.96
승동교회,20260907,63.87
쌈지길,20260809,71.7
쌈지길,20260810,70.57
쌈지길,20260811,75.84
쌈지길,20260812,82.53
쌈지길,20260813,80.08
쌈지길,20260814,82.59
쌈지길,20260815,98.14
쌈지길,20260816,84.6
쌈지길,20260817,66.39
쌈지길,20260818,67.55
쌈지길,20260819,82.77
쌈지길,20260820,80.55
쌈지길,20260821,82.73
쌈지길,20260822,98.51
쌈지길,20260823,76.05
쌈지길,20260824,74.86
쌈지길,20260825,75.88
쌈지길,20260826,85.91
쌈지길,20260827,78.45
쌈지길,20260828,87.32
쌈지길,20260829,96.11
쌈지길,20260830,75.15
쌈지길,20260831,76.2
쌈지길,20260901,71.39
쌈지길,20260902,89.07
쌈지길,20260903,82.46
쌈지길,20260904,85.56
쌈지길,20260905,95.26
쌈지길,20260906,85.65
쌈지길,20260907,79.98
아르코예술극장,20260809,81.01
아르코예술극장,20260810,28.95
아르코예술극장,20260811,31.85
아르코예술극장,20260812,47.22
아르코예술극장,20260813,47.42
아르코예술극장,20260814,56.7
아르코예술극장,20260815,97.24
아르코예술극장,20260816,94.08
아르코예술극장,20260817,70.78
아르코예술극장,20260818,30.79
아르코예술극장,20260819,50.01
아르코예술극장,20260820,48.93
아르코예술극장,20260821,49.72
아르코예술극장,20260822,96.16
아르코예술극장,20260823,79.69
아르코예술극장,20260824,27.58
아르코예술극장,20260825,30.05
아르코예술극장,20260826,37.42
아르코예술극장,20260827,49.25
아르코예술극장,20260828,53.92
아르코예술극장,20260829,95.91
아르코예술극장,20260830,72.07
아르코예술극장,20260831,38.41
아르코예술극장,20260901,25.12
아르코예술극장,20260902,35.84
아르코예술극장,20260903,35.32
아르코예술극장,20260904,37.57
아르코예술극장,20260905,94.87
아르코예술극장,20260906,68.36
아르코예술극장,20260907,21.39
아름다운 차박물관,20260809,77.39
아름다운 차박물관,20260810,71.89
아름다운 차박물관,20260811,70.49
아름다운 차박물관,20260812,72.14
아름다운 차박물관,20260813,80.11
아름다운 차박물관,20260814,75.24
아름다운 차박물관,20260815,97.85
아름다운 차박물관,20260816,79.23
아름다운 차박물관,20260817,75.32
아름다운 차박물관,20260818,65.13
아름다운 차박물관,20260819,77.62
아름다운 차박물관,20260820,79.09
아름다운 차박물관,20260821,78.96
아름다운 차박물관,20260822,94.98
아름다운 차박물관,20260823,74.25
아름다운 차박물관,20260824,67.94
아름다운 차박물관,20260825,67.99
아름다운 차박물관,20260826,78.22
아름다운 차박물관,20260827,82.8
아름다운 차박물관,20260828,87.03
아름다운 차박물관,20260829,95.26
아름다운 차박물관,20260830,80.1
아름다운 차박물관,20260831,75.19
아름다운 차박물관,20260901,60.27
아름다운 차박물관,20260902,74.37
아름다운 차박물관,20260903,77.41
아름다운 차박물관,20260904,84.25
아름다운 차박물관,20260905,97.65
아름다운 차박물관,20260906,79.78
아름다운 차박물관,20260907,63.37
안국선원,20260809,61.76
안국선원,20260810,47.44
안국선원,20260811,58.82
안국선원,20260812,57.38
안국선원,20260813,55.46
안국선원,20260814,64.38
안국선원,20260815,91.28
안국선원,20260816,66.48
안국선원,20260817,55.38
안국선원,20260818,65.66
안국선원,20260819,59.67
안국선원,20260820,52.98
안국선원,20260821,51.33
안국선원,20260822,91
안국선원,20260823,54.64
안국선원,20260824,61.35
안국선원,20260825,61.4
안국선원,20260826,71.12
안국선원,20260827,67.48
안국선원,20260828,62.67
안국선원,20260829,91.08
안국선원,20260830,54.03
안국선원,20260831,62.01
안국선원,20260901,53.84
안국선원,20260902,52.93
안국선원,20260903,48.27
안국선원,20260904,64.1
안국선원,20260905,63.31
안국선원,20260906,83.16
안국선원,20260907,47.09
안양암(서울),20260809,28.11
안양암(서울),20260810,21.53
안양암(서울),20260811,24.77
안양암(서울),20260812,22.84
안양암(서울),20260813,25.54
안양암(서울),20260814,33.15
안양암(서울),20260815,55.79
안양암(서울),20260816,54.84
안양암(서울),20260817,39.56
안양암(서울),20260818,31.89
안양암(서울),20260819,44.86
안양암(서울),20260820,41.65
안양암(서울),20260821,48.34
안양암(서울),20260822,67.23
안양암(서울),20260823,66.93
안양암(서울),20260824,41.02
안양암(서울),20260825,48.82
안양암(서울),20260826,57.3
안양암(서울),20260827,55.61
안양암(서울),20260828,51.77
안양암(서울),20260829,66.98
안양암(서울),20260830,60.59
안양암(서울),20260831,53.62
안양암(서울),20260901,39.72
안양암(서울),20260902,44.52
안양암(서울),20260903,40.02
안양암(서울),20260904,46.06
안양암(서울),20260905,55.37
안양암(서울),20260906,61.67
안양암(서울),20260907,37.84
올리바인 스파,20260809,44.21
올리바인 스파,20260810,39.24
올리바인 스파,20260811,50.84
올리바인 스파,20260812,55.09
올리바인 스파,20260813,54.76
올리바인 스파,20260814,62.2
올리바인 스파,20260815,99.73
올리바인 스파,20260816,93.64
올리바인 스파,20260817,30.3
올리바인 스파,20260818,38.82
올리바인 스파,20260819,37.91
올리바인 스파,20260820,38.41
올리바인 스파,20260821,55.27
올리바인 스파,20260822,92.49
올리바인 스파,20260823,50.98
올리바인 스파,20260824,38.68
올리바인 스파,20260825,52.39
올리바인 스파,20260826,52.16
올리바인 스파,20260827,52.53
올리바인 스파,20260828,53.01
올리바인 스파,20260829,90.66
올리바인 스파,20260830,39.46
올리바인 스파,20260831,41.37
올리바인 스파,20260901,34.33
올리바인 스파,20260902,43.78
올리바인 스파,20260903,40.27
올리바인 스파,20260904,40.46
올리바인 스파,20260905,82.6
올리바인 스파,20260906,43.24
올리바인 스파,20260907,37.54
와룡공원,20260809,29.31
와룡공원,20260810,31.87
와룡공원,20260811,32.19
와룡공원,20260812,32.27
와룡공원,20260813,32.2
와룡공원,20260814,38.05
와룡공원,20260815,38.08
와룡공원,20260816,33.99
와룡공원,20260817,30.36
와룡공원,20260818,36.14
와룡공원,20260819,38.07
와룡공원,20260820,37.44
와룡공원,20260821,40.27
와룡공원,20260822,56.17
와룡공원,20260823,29.42
와룡공원,20260824,39.16
와룡공원,20260825,40.22
와룡공원,20260826,39.46
와룡공원,20260827,39.02
와룡공원,20260828,42.13
와룡공원,20260829,57.1
와룡공원,20260830,38.16
와룡공원,20260831,38.93
와룡공원,20260901,97.78
와룡공원,20260902,98.03
와룡공원,20260903,98.53
와룡공원,20260904,82.3
와룡공원,20260905,46.62
와룡공원,20260906,37.84
와룡공원,20260907,98.69
유금와당박물관,20260809,89.33
유금와당박물관,20260810,36.21
유금와당박물관,20260811,38.78
유금와당박물관,20260812,50.74
유금와당박물관,20260813,54.02
유금와당박물관,20260814,50.37
유금와당박물관,20260815,94.83
유금와당박물관,20260816,94.52
유금와당박물관,20260817,87.81
유금와당박물관,20260818,34.68
유금와당박물관,20260819,55.1
유금와당박물관,20260820,54.27
유금와당박물관,20260821,57.42
유금와당박물관,20260822,91.03
유금와당박물관,20260823,89.5
유금와당박물관,20260824,38.73
유금와당박물관,20260825,48.04
유금와당박물관,20260826,60.76
유금와당박물관,20260827,53.53
유금와당박물관,20260828,62.61
유금와당박물관,20260829,90.88
유금와당박물관,20260830,91.78
유금와당박물관,20260831,41.8
유금와당박물관,20260901,32.21
유금와당박물관,20260902,64.35
유금와당박물관,20260903,50.69
유금와당박물관,20260904,57.91
유금와당박물관,20260905,95.26
유금와당박물관,20260906,88.6
유금와당박물관,20260907,43.3
율곡로,20260809,58.51
율곡로,20260810,59.11
율곡로,20260811,73.74
율곡로,20260812,76.28
율곡로,20260813,76.27
율곡로,20260814,74.42
율곡로,20260815,77.69
율곡로,20260816,60.21
율곡로,20260817,58.14
율곡로,20260818,62.23
율곡로,20260819,71.89
율곡로,20260820,67.81
율곡로,20260821,73.15
율곡로,20260822,78.2
율곡로,20260823,59.17
율곡로,20260824,59.84
율곡로,20260825,73.32
율곡로,20260826,70.15
율곡로,20260827,72.48
율곡로,20260828,72.6
율곡로,20260829,79.39
율곡로,20260830,59.47
율곡로,20260831,59.37
율곡로,20260901,71.61
율곡로,20260902,70.19
율곡로,20260903,74.23
율곡로,20260904,75.75
율곡로,20260905,86.46
율곡로,20260906,78.87
율곡로,20260907,60.78
익선동,20260809,76.42
익선동,20260810,68.26
익선동,20260811,71.28
익선동,20260812,70.9
익선동,20260813,72.8
익선동,20260814,85.06
익선동,20260815,94.69
익선동,20260816,79.71
익선동,20260817,76.72
익선동,20260818,68.36
익선동,20260819,78.94
익선동,20260820,68.48
익선동,20260821,78.46
익선동,20260822,97.55
익선동,20260823,81.87
익선동,20260824,67.58
익선동,20260825,74.16
익선동,20260826,81.53
익선동,20260827,74.07
익선동,20260828,89.07
익선동,20260829,97.31
익선동,20260830,81.61
익선동,20260831,76
익선동,20260901,62.35
익선동,20260902,62.85
익선동,20260903,68.91
익선동,20260904,89.62
익선동,20260905,98.83
익선동,20260906,85.42
익선동,20260907,64.52
인사동,20260809,76.25
인사동,20260810,75.68
인사동,20260811,79.18
인사동,20260812,84.91
인사동,20260813,84.03
인사동,20260814,86.81
인사동,20260815,94.65
인사동,20260816,81.82
인사동,20260817,76.16
인사동,20260818,76.67
인사동,20260819,81.52
인사동,20260820,82.72
인사동,20260821,88.24
인사동,20260822,97.33
인사동,20260823,75.78
인사동,20260824,73.42
인사동,20260825,83.05
인사동,20260826,83.94
인사동,20260827,85.77
인사동,20260828,88.79
인사동,20260829,96.07
인사동,20260830,74.93
인사동,20260831,81.42
인사동,20260901,75.71
인사동,20260902,85.12
인사동,20260903,85.66
인사동,20260904,80.93
인사동,20260905,95.52
인사동,20260906,78.38
인사동,20260907,73.37
인왕사(서울),20260809,73.11
인왕사(서울),20260810,60.52
인왕사(서울),20260811,64.59
인왕사(서울),20260812,63.97
인왕사(서울),20260813,50.68
인왕사(서울),20260814,62.92
인왕사(서울),20260815,68.31
인왕사(서울),20260816,75.8
인왕사(서울),20260817,49.17
인왕사(서울),20260818,52.23
인왕사(서울),20260819,58.44
인왕사(서울),20260820,49.93
인왕사(서울),20260821,63.94
인왕사(서울),20260822,79.7
인왕사(서울),20260823,75.12
인왕사(서울),20260824,44.98
인왕사(서울),20260825,56.27
인왕사(서울),20260826,58.8
인왕사(서울),20260827,70.3
인왕사(서울),20260828,65.45
인왕사(서울),20260829,72.74
인왕사(서울),20260830,63.41
인왕사(서울),20260831,51.56
인왕사(서울),20260901,39.26
인왕사(서울),20260902,33.06
인왕사(서울),20260903,26.67
인왕사(서울),20260904,32.45
인왕사(서울),20260905,41.45
인왕사(서울),20260906,34.87
인왕사(서울),20260907,30.54
인왕산,20260809,54.37
인왕산,20260810,39.38
인왕산,20260811,39.95
인왕산,20260812,43.78
인왕산,20260813,36.12
인왕산,20260814,37.76
인왕산,20260815,91.28
인왕산,20260816,59.78
인왕산,20260817,58.08
인왕산,20260818,42.64
인왕산,20260819,51.66
인왕산,20260820,53.08
인왕산,20260821,52
인왕산,20260822,84.96
인왕산,20260823,60.09
인왕산,20260824,41.96
인왕산,20260825,53.84
인왕산,20260826,52.93
인왕산,20260827,55.74
인왕산,20260828,54.25
인왕산,20260829,85.01
인왕산,20260830,66.93
인왕산,20260831,44.22
인왕산,20260901,61.85
인왕산,20260902,44.21
인왕산,20260903,38.35
인왕산,20260904,49.88
인왕산,20260905,88.38
인왕산,20260906,78.22
인왕산,20260907,38.5
인왕산국사당,20260809,55.59
인왕산국사당,20260810,36.3
인왕산국사당,20260811,58.14
인왕산국사당,20260812,45.51
인왕산국사당,20260813,49.61
인왕산국사당,20260814,47.79
인왕산국사당,20260815,84.46
인왕산국사당,20260816,76.56
인왕산국사당,20260817,56.23
인왕산국사당,20260818,58.42
인왕산국사당,20260819,50.18
인왕산국사당,20260820,48.06
인왕산국사당,20260821,47.47
인왕산국사당,20260822,82.27
인왕산국사당,20260823,44.22
인왕산국사당,20260824,38.46
인왕산국사당,20260825,58.82
인왕산국사당,20260826,47.81
인왕산국사당,20260827,51.61
인왕산국사당,20260828,56.6
인왕산국사당,20260829,77.78
인왕산국사당,20260830,55.26
인왕산국사당,20260831,36.66
인왕산국사당,20260901,38.78
인왕산국사당,20260902,42.07
인왕산국사당,20260903,35.75
인왕산국사당,20260904,42.1
인왕산국사당,20260905,84.06
인왕산국사당,20260906,34.13
인왕산국사당,20260907,29.82
자생식물학습장,20260809,76.54
자생식물학습장,20260810,26
자생식물학습장,20260811,41.56
자생식물학습장,20260812,90.33
자생식물학습장,20260813,89.03
자생식물학습장,20260814,77.79
자생식물학습장,20260815,78.46
자생식물학습장,20260816,65.68
자생식물학습장,20260817,80.97
자생식물학습장,20260818,90.06
자생식물학습장,20260819,85.93
자생식물학습장,20260820,83.69
자생식물학습장,20260821,90.56
자생식물학습장,20260822,78.73
자생식물학습장,20260823,76.95
자생식물학습장,20260824,26.3
자생식물학습장,20260825,90
자생식물학습장,20260826,88.81
자생식물학습장,20260827,89.17
자생식물학습장,20260828,95.63
자생식물학습장,20260829,79.83
자생식물학습장,20260830,66.54
자생식물학습장,20260831,31.5
자생식물학습장,20260901,50.46
자생식물학습장,20260902,47.9
자생식물학습장,20260903,53.67
자생식물학습장,20260904,54.28
자생식물학습장,20260905,90.36
자생식물학습장,20260906,91.62
자생식물학습장,20260907,23.75
전태일기념관,20260809,54.64
전태일기념관,20260810,68.09
전태일기념관,20260811,69.65
전태일기념관,20260812,70.84
전태일기념관,20260813,80.98
전태일기념관,20260814,82.27
전태일기념관,20260815,83.54
전태일기념관,20260816,49.56
전태일기념관,20260817,51.91
전태일기념관,20260818,63.07
전태일기념관,20260819,68.06
전태일기념관,20260820,73.89
전태일기념관,20260821,80.29
전태일기념관,20260822,85.12
전태일기념관,20260823,58.23
전태일기념관,20260824,68.68
전태일기념관,20260825,67.76
전태일기념관,20260826,75.37
전태일기념관,20260827,77.54
전태일기념관,20260828,83.19
전태일기념관,20260829,84.65
전태일기념관,20260830,59.23
전태일기념관,20260831,69.75
전태일기념관,20260901,57.4
전태일기념관,20260902,63.58
전태일기념관,20260903,64.14
전태일기념관,20260904,82.14
전태일기념관,20260905,89.77
전태일기념관,20260906,59.7
전태일기념관,20260907,68.23
조계사(서울),20260809,62
조계사(서울),20260810,61.53
조계사(서울),20260811,74.06
조계사(서울),20260812,74.96
조계사(서울),20260813,74.59
조계사(서울),20260814,77.09
조계사(서울),20260815,97.85
조계사(서울),20260816,98.66
조계사(서울),20260817,56.39
조계사(서울),20260818,72.22
조계사(서울),20260819,72.53
조계사(서울),20260820,73.58
조계사(서울),20260821,75.53
조계사(서울),20260822,99.69
조계사(서울),20260823,60.22
조계사(서울),20260824,61.05
조계사(서울),20260825,75.37
조계사(서울),20260826,76.84
조계사(서울),20260827,75.03
조계사(서울),20260828,77.15
조계사(서울),20260829,99.69
조계사(서울),20260830,60.79
조계사(서울),20260831,66.06
조계사(서울),20260901,96.7
조계사(서울),20260902,97.29
조계사(서울),20260903,99.38
조계사(서울),20260904,78.29
조계사(서울),20260905,94.01
조계사(서울),20260906,81.23
조계사(서울),20260907,61.08
종로6가 대학천 책방거리,20260809,2.97
종로6가 대학천 책방거리,20260810,84.5
종로6가 대학천 책방거리,20260811,93.43
종로6가 대학천 책방거리,20260812,88.34
종로6가 대학천 책방거리,20260813,87.4
종로6가 대학천 책방거리,20260814,88.42
종로6가 대학천 책방거리,20260815,94.79
종로6가 대학천 책방거리,20260816,2.78
종로6가 대학천 책방거리,20260817,79.3
종로6가 대학천 책방거리,20260818,78.4
종로6가 대학천 책방거리,20260819,80.08
종로6가 대학천 책방거리,20260820,74.06
종로6가 대학천 책방거리,20260821,79.35
종로6가 대학천 책방거리,20260822,95.11
종로6가 대학천 책방거리,20260823,3.21
종로6가 대학천 책방거리,20260824,71.78
종로6가 대학천 책방거리,20260825,72.31
종로6가 대학천 책방거리,20260826,73.53
종로6가 대학천 책방거리,20260827,75.56
종로6가 대학천 책방거리,20260828,78.69
종로6가 대학천 책방거리,20260829,95.13
종로6가 대학천 책방거리,20260830,3.3
종로6가 대학천 책방거리,20260831,73.24
종로6가 대학천 책방거리,20260901,70.37
종로6가 대학천 책방거리,20260902,61.9
종로6가 대학천 책방거리,20260903,52.93
종로6가 대학천 책방거리,20260904,55.39
종로6가 대학천 책방거리,20260905,62.36
종로6가 대학천 책방거리,20260906,3.21
종로6가 대학천 책방거리,20260907,56.59
종묘 [유네스코 세계유산],20260809,71.2
종묘 [유네스코 세계유산],20260810,68.27
종묘 [유네스코 세계유산],20260811,71.61
종묘 [유네스코 세계유산],20260812,74.85
종묘 [유네스코 세계유산],20260813,81.28
종묘 [유네스코 세계유산],20260814,80.71
종묘 [유네스코 세계유산],20260815,94.3
종묘 [유네스코 세계유산],20260816,74.61
종묘 [유네스코 세계유산],20260817,62.3
종묘 [유네스코 세계유산],20260818,65.35
종묘 [유네스코 세계유산],20260819,68.56
종묘 [유네스코 세계유산],20260820,69.94
종묘 [유네스코 세계유산],20260821,78.14
종묘 [유네스코 세계유산],20260822,90.98
종묘 [유네스코 세계유산],20260823,79.81
종묘 [유네스코 세계유산],20260824,70.24
종묘 [유네스코 세계유산],20260825,76.63
종묘 [유네스코 세계유산],20260826,72.56
종묘 [유네스코 세계유산],20260827,70.94
종묘 [유네스코 세계유산],20260828,84.04
종묘 [유네스코 세계유산],20260829,95.88
종묘 [유네스코 세계유산],20260830,71.83
종묘 [유네스코 세계유산],20260831,72.5
종묘 [유네스코 세계유산],20260901,74.81
종묘 [유네스코 세계유산],20260902,79.94
종묘 [유네스코 세계유산],20260903,78.21
종묘 [유네스코 세계유산],20260904,89.93
종묘 [유네스코 세계유산],20260905,99.01
종묘 [유네스코 세계유산],20260906,78.94
종묘 [유네스코 세계유산],20260907,65.06
종묘광장공원,20260809,45.05
종묘광장공원,20260810,49
종묘광장공원,20260811,42.01
종묘광장공원,20260812,60.47
종묘광장공원,20260813,61.35
종묘광장공원,20260814,61.36
종묘광장공원,20260815,67.9
종묘광장공원,20260816,35.79
종묘광장공원,20260817,41.04
종묘광장공원,20260818,34.92
종묘광장공원,20260819,49.51
종묘광장공원,20260820,52.65
종묘광장공원,20260821,61.5
종묘광장공원,20260822,62.74
종묘광장공원,20260823,36.36
종묘광장공원,20260824,40.14
종묘광장공원,20260825,36.5
종묘광장공원,20260826,58.64
종묘광장공원,20260827,54.18
종묘광장공원,20260828,55.29
종묘광장공원,20260829,62.1
종묘광장공원,20260830,36.83
종묘광장공원,20260831,45.98
종묘광장공원,20260901,49.3
종묘광장공원,20260902,59.9
종묘광장공원,20260903,61.79
종묘광장공원,20260904,83.04
종묘광장공원,20260905,68.02
종묘광장공원,20260906,49.4
종묘광장공원,20260907,57.14
짚풀생활사박물관,20260809,77.11
짚풀생활사박물관,20260810,28.77
짚풀생활사박물관,20260811,36.93
짚풀생활사박물관,20260812,45.34
짚풀생활사박물관,20260813,40.16
짚풀생활사박물관,20260814,53.21
짚풀생활사박물관,20260815,93.4
짚풀생활사박물관,20260816,75.97
짚풀생활사박물관,20260817,59.2
짚풀생활사박물관,20260818,32.51
짚풀생활사박물관,20260819,38.13
짚풀생활사박물관,20260820,35.4
짚풀생활사박물관,20260821,59.62
짚풀생활사박물관,20260822,92.77
짚풀생활사박물관,20260823,81.9
짚풀생활사박물관,20260824,35.99
짚풀생활사박물관,20260825,36.76
짚풀생활사박물관,20260826,52.98
짚풀생활사박물관,20260827,47.23
짚풀생활사박물관,20260828,69.44
짚풀생활사박물관,20260829,93.46
짚풀생활사박물관,20260830,78.06
짚풀생활사박물관,20260831,50.55
짚풀생활사박물관,20260901,30.09
짚풀생활사박물관,20260902,38.49
짚풀생활사박물관,20260903,41.84
짚풀생활사박물관,20260904,61.48
짚풀생활사박물관,20260905,91.1
짚풀생활사박물관,20260906,69.23
짚풀생활사박물관,20260907,29.73
창경궁,20260809,40.97
창경궁,20260810,59.52
창경궁,20260811,79.59
창경궁,20260812,80.28
창경궁,20260813,84.31
창경궁,20260814,75.59
창경궁,20260815,72.8
창경궁,20260816,47.62
창경궁,20260817,58.18
창경궁,20260818,76.43
창경궁,20260819,73.44
창경궁,20260820,75.14
창경궁,20260821,72.35
창경궁,20260822,75.47
창경궁,20260823,43.4
창경궁,20260824,60.64
창경궁,20260825,77.5
창경궁,20260826,77.77
창경궁,20260827,77.94
창경궁,20260828,74.36
창경궁,20260829,76.63
창경궁,20260830,43.4
창경궁,20260831,60.86
창경궁,20260901,68.83
창경궁,20260902,75.89
창경궁,20260903,73.83
창경궁,20260904,76.72
창경궁,20260905,90.27
창경궁,20260906,55.99
창경궁,20260907,71.91
창덕궁과 후원 [유네스코 세계유산],20260809,69.1
창덕궁과 후원 [유네스코 세계유산],20260810,46.77
창덕궁과 후원 [유네스코 세계유산],20260811,69.61
창덕궁과 후원 [유네스코 세계유산],20260812,60.17
창덕궁과 후원 [유네스코 세계유산],20260813,79.85
창덕궁과 후원 [유네스코 세계유산],20260814,80.74
창덕궁과 후원 [유네스코 세계유산],20260815,90.63
창덕궁과 후원 [유네스코 세계유산],20260816,76.58
창덕궁과 후원 [유네스코 세계유산],20260817,42.71
창덕궁과 후원 [유네스코 세계유산],20260818,62.41
창덕궁과 후원 [유네스코 세계유산],20260819,58.4
창덕궁과 후원 [유네스코 세계유산],20260820,67.41
창덕궁과 후원 [유네스코 세계유산],20260821,69.06
창덕궁과 후원 [유네스코 세계유산],20260822,85.36
창덕궁과 후원 [유네스코 세계유산],20260823,69.95
창덕궁과 후원 [유네스코 세계유산],20260824,43.43
창덕궁과 후원 [유네스코 세계유산],20260825,62.77
창덕궁과 후원 [유네스코 세계유산],20260826,59.11
창덕궁과 후원 [유네스코 세계유산],20260827,63.86
창덕궁과 후원 [유네스코 세계유산],20260828,66.36
창덕궁과 후원 [유네스코 세계유산],20260829,85.72
창덕궁과 후원 [유네스코 세계유산],20260830,63.38
창덕궁과 후원 [유네스코 세계유산],20260831,41.12
창덕궁과 후원 [유네스코 세계유산],20260901,75.09
창덕궁과 후원 [유네스코 세계유산],20260902,74.35
창덕궁과 후원 [유네스코 세계유산],20260903,80.44
창덕궁과 후원 [유네스코 세계유산],20260904,80.42
창덕궁과 후원 [유네스코 세계유산],20260905,90.79
창덕궁과 후원 [유네스코 세계유산],20260906,86.51
창덕궁과 후원 [유네스코 세계유산],20260907,43.49
창의문(자하문),20260809,73.68
창의문(자하문),20260810,22.28
창의문(자하문),20260811,26.63
창의문(자하문),20260812,35.7
창의문(자하문),20260813,34.34
창의문(자하문),20260814,35.05
창의문(자하문),20260815,77.34
창의문(자하문),20260816,81.93
창의문(자하문),20260817,49.93
창의문(자하문),20260818,23.5
창의문(자하문),20260819,36.42
창의문(자하문),20260820,35.57
창의문(자하문),20260821,39.87
창의문(자하문),20260822,85.61
창의문(자하문),20260823,80.21
창의문(자하문),20260824,24.4
창의문(자하문),20260825,37
창의문(자하문),20260826,31.75
창의문(자하문),20260827,35.82
창의문(자하문),20260828,38.71
창의문(자하문),20260829,78.82
창의문(자하문),20260830,78.36
창의문(자하문),20260831,25.08
창의문(자하문),20260901,27.1
창의문(자하문),20260902,39.1
창의문(자하문),20260903,36.99
창의문(자하문),20260904,46.94
창의문(자하문),20260905,86.69
창의문(자하문),20260906,79.55
창의문(자하문),20260907,22.41
채석장 전망대,20260809,60.59
채석장 전망대,20260810,40.97
채석장 전망대,20260811,43.16
채석장 전망대,20260812,46.36
채석장 전망대,20260813,46.28
채석장 전망대,20260814,42.49
채석장 전망대,20260815,90.39
채석장 전망대,20260816,85.44
채석장 전망대,20260817,60.21
채석장 전망대,20260818,42.95
채석장 전망대,20260819,39.71
채석장 전망대,20260820,42.6
채석장 전망대,20260821,46.21
채석장 전망대,20260822,87.47
채석장 전망대,20260823,65.55
채석장 전망대,20260824,46.74
채석장 전망대,20260825,45.95
채석장 전망대,20260826,39.92
채석장 전망대,20260827,42.57
채석장 전망대,20260828,48.03
채석장 전망대,20260829,83.82
채석장 전망대,20260830,57.85
채석장 전망대,20260831,48.69
채석장 전망대,20260901,33.49
채석장 전망대,20260902,36.65
채석장 전망대,20260903,37.66
채석장 전망대,20260904,66.61
채석장 전망대,20260905,88.32
채석장 전망대,20260906,75.69
채석장 전망대,20260907,39.34
청룡사(서울),20260809,43.6
청룡사(서울),20260810,36.05
청룡사(서울),20260811,38.85
청룡사(서울),20260812,41.29
청룡사(서울),20260813,38.64
청룡사(서울),20260814,46.91
청룡사(서울),20260815,45.33
청룡사(서울),20260816,55.85
청룡사(서울),20260817,38.88
청룡사(서울),20260818,37.67
청룡사(서울),20260819,35.64
청룡사(서울),20260820,45.19
청룡사(서울),20260821,41.47
청룡사(서울),20260822,64.36
청룡사(서울),20260823,48.57
청룡사(서울),20260824,42.83
청룡사(서울),20260825,54.31
청룡사(서울),20260826,59.52
청룡사(서울),20260827,52.35
청룡사(서울),20260828,58.76
청룡사(서울),20260829,69.97
청룡사(서울),20260830,59.35
청룡사(서울),20260831,60.17
청룡사(서울),20260901,49.36
청룡사(서울),20260902,50.8
청룡사(서울),20260903,49.45
청룡사(서울),20260904,61.01
청룡사(서울),20260905,65.61
청룡사(서울),20260906,63.46
청룡사(서울),20260907,49.85
청와대,20260809,43.01
청와대,20260810,38.39
청와대,20260811,27.83
청와대,20260812,38.92
청와대,20260813,39.55
청와대,20260814,39.99
청와대,20260815,45.28
청와대,20260816,42.66
청와대,20260817,28.26
청와대,20260818,25.24
청와대,20260819,32.61
청와대,20260820,34.61
청와대,20260821,33.25
청와대,20260822,40.02
청와대,20260823,32.3
청와대,20260824,35.51
청와대,20260825,27.43
청와대,20260826,38.5
청와대,20260827,39.14
청와대,20260828,37.87
청와대,20260829,41.2
청와대,20260830,30.68
청와대,20260831,37.03
청와대,20260901,28.6
청와대,20260902,50.44
청와대,20260903,47.97
청와대,20260904,47.49
청와대,20260905,80.41
청와대,20260906,55.18
청와대,20260907,44.82
청와대 앞길,20260809,56.51
청와대 앞길,20260810,51.41
청와대 앞길,20260811,37.01
청와대 앞길,20260812,53.25
청와대 앞길,20260813,58.05
청와대 앞길,20260814,60.46
청와대 앞길,20260815,72.07
청와대 앞길,20260816,70.95
청와대 앞길,20260817,61.52
청와대 앞길,20260818,37.87
청와대 앞길,20260819,49.2
청와대 앞길,20260820,51.37
청와대 앞길,20260821,59.84
청와대 앞길,20260822,73.79
청와대 앞길,20260823,55.54
청와대 앞길,20260824,53.68
청와대 앞길,20260825,39.01
청와대 앞길,20260826,52.56
청와대 앞길,20260827,54.57
청와대 앞길,20260828,58.34
청와대 앞길,20260829,70.83
청와대 앞길,20260830,69.72
청와대 앞길,20260831,51.54
청와대 앞길,20260901,44.69
청와대 앞길,20260902,90.01
청와대 앞길,20260903,89.16
청와대 앞길,20260904,68
청와대 앞길,20260905,96.61
청와대 앞길,20260906,79.15
청와대 앞길,20260907,58.03
청와대사랑채,20260809,60.77
청와대사랑채,20260810,52.81
청와대사랑채,20260811,50.71
청와대사랑채,20260812,67.2
청와대사랑채,20260813,68.9
청와대사랑채,20260814,70.95
청와대사랑채,20260815,89.25
청와대사랑채,20260816,74.38
청와대사랑채,20260817,58.17
청와대사랑채,20260818,45.52
청와대사랑채,20260819,63.79
청와대사랑채,20260820,69.76
청와대사랑채,20260821,68.65
청와대사랑채,20260822,90.2
청와대사랑채,20260823,62.86
청와대사랑채,20260824,51.79
청와대사랑채,20260825,48.41
청와대사랑채,20260826,60.95
청와대사랑채,20260827,60.96
청와대사랑채,20260828,65.54
청와대사랑채,20260829,91.18
청와대사랑채,20260830,63.62
청와대사랑채,20260831,60.79
청와대사랑채,20260901,54.17
청와대사랑채,20260902,62.78
청와대사랑채,20260903,62.76
청와대사랑채,20260904,63.92
청와대사랑채,20260905,88.34
청와대사랑채,20260906,78.2
청와대사랑채,20260907,56.07
청운공원,20260809,71.64
청운공원,20260810,22.79
청운공원,20260811,29.55
청운공원,20260812,44.91
청운공원,20260813,37.58
청운공원,20260814,46.89
청운공원,20260815,85.28
청운공원,20260816,73.47
청운공원,20260817,32.17
청운공원,20260818,26.14
청운공원,20260819,38.5
청운공원,20260820,39.99
청운공원,20260821,31.89
청운공원,20260822,81.17
청운공원,20260823,81.64
청운공원,20260824,21.55
청운공원,20260825,29.82
청운공원,20260826,36.19
청운공원,20260827,39.09
청운공원,20260828,38.89
청운공원,20260829,87.08
청운공원,20260830,71.73
청운공원,20260831,24.91
청운공원,20260901,22.56
청운공원,20260902,33.91
청운공원,20260903,34.73
청운공원,20260904,34.6
청운공원,20260905,73.57
청운공원,20260906,84.29
청운공원,20260907,22.9
축구전시관,20260809,58.23
축구전시관,20260810,58.9
축구전시관,20260811,62.45
축구전시관,20260812,83.3
축구전시관,20260813,82.98
축구전시관,20260814,92.36
축구전시관,20260815,94.75
축구전시관,20260816,72.8
축구전시관,20260817,65.82
축구전시관,20260818,71.43
축구전시관,20260819,82.3
축구전시관,20260820,82.28
축구전시관,20260821,89.2
축구전시관,20260822,92.79
축구전시관,20260823,60.19
축구전시관,20260824,59.23
축구전시관,20260825,71.61
축구전시관,20260826,79.51
축구전시관,20260827,79.55
축구전시관,20260828,83.14
축구전시관,20260829,81.26
축구전시관,20260830,66.55
축구전시관,20260831,61.9
축구전시관,20260901,51.15
축구전시관,20260902,56.36
축구전시관,20260903,66.86
축구전시관,20260904,69.29
축구전시관,20260905,70.71
축구전시관,20260906,48.78
축구전시관,20260907,49.74
춘원당한의약박물관,20260809,48.65
춘원당한의약박물관,20260810,38.39
춘원당한의약박물관,20260811,41.73
춘원당한의약박물관,20260812,64.21
춘원당한의약박물관,20260813,48.39
춘원당한의약박물관,20260814,70.41
춘원당한의약박물관,20260815,86.4
춘원당한의약박물관,20260816,81.73
춘원당한의약박물관,20260817,46.04
춘원당한의약박물관,20260818,36
춘원당한의약박물관,20260819,68.71
춘원당한의약박물관,20260820,54.16
춘원당한의약박물관,20260821,71.45
춘원당한의약박물관,20260822,87.08
춘원당한의약박물관,20260823,55.9
춘원당한의약박물관,20260824,26.18
춘원당한의약박물관,20260825,36.14
춘원당한의약박물관,20260826,70.51
춘원당한의약박물관,20260827,51.24
춘원당한의약박물관,20260828,77.07
춘원당한의약박물관,20260829,85.99
춘원당한의약박물관,20260830,60.33
춘원당한의약박물관,20260831,26.99
춘원당한의약박물관,20260901,44.6
춘원당한의약박물관,20260902,58.68
춘원당한의약박물관,20260903,46.92
춘원당한의약박물관,20260904,79.48
춘원당한의약박물관,20260905,85.04
춘원당한의약박물관,20260906,78.32
춘원당한의약박물관,20260907,27.85
충신시장,20260809,12.67
충신시장,20260810,36.59
충신시장,20260811,16.78
충신시장,20260812,27.13
충신시장,20260813,23.01
충신시장,20260814,17.99
충신시장,20260815,21.47
충신시장,20260816,11.27
충신시장,20260817,9.04
충신시장,20260818,23.6
충신시장,20260819,25.27
충신시장,20260820,26.21
충신시장,20260821,15.03
충신시장,20260822,29.75
충신시장,20260823,20.58
충신시장,20260824,37
충신시장,20260825,22.72
충신시장,20260826,57.4
충신시장,20260827,26.08
충신시장,20260828,22.85
충신시장,20260829,4.4
충신시장,20260830,20.14
충신시장,20260831,47.17
충신시장,20260901,51.52
충신시장,20260902,62.96
충신시장,20260903,30.1
충신시장,20260904,13.93
충신시장,20260905,13.24
충신시장,20260906,13.26
충신시장,20260907,14.57
컬러풀뮤지엄(COLORPOOL MUSEUM),20260809,84.24
컬러풀뮤지엄(COLORPOOL MUSEUM),20260810,79.05
컬러풀뮤지엄(COLORPOOL MUSEUM),20260811,79.8
컬러풀뮤지엄(COLORPOOL MUSEUM),20260812,77.46
컬러풀뮤지엄(COLORPOOL MUSEUM),20260813,88.68
컬러풀뮤지엄(COLORPOOL MUSEUM),20260814,88.91
컬러풀뮤지엄(COLORPOOL MUSEUM),20260815,96.44
컬러풀뮤지엄(COLORPOOL MUSEUM),20260816,92.11
컬러풀뮤지엄(COLORPOOL MUSEUM),20260817,65.57
컬러풀뮤지엄(COLORPOOL MUSEUM),20260818,69.16
컬러풀뮤지엄(COLORPOOL MUSEUM),20260819,64.92
컬러풀뮤지엄(COLORPOOL MUSEUM),20260820,76.89
컬러풀뮤지엄(COLORPOOL MUSEUM),20260821,77.1
컬러풀뮤지엄(COLORPOOL MUSEUM),20260822,92.87
컬러풀뮤지엄(COLORPOOL MUSEUM),20260823,79.29
컬러풀뮤지엄(COLORPOOL MUSEUM),20260824,66.97
컬러풀뮤지엄(COLORPOOL MUSEUM),20260825,57.06
컬러풀뮤지엄(COLORPOOL MUSEUM),20260826,65.44
컬러풀뮤지엄(COLORPOOL MUSEUM),20260827,77.62
컬러풀뮤지엄(COLORPOOL MUSEUM),20260828,86.24
컬러풀뮤지엄(COLORPOOL MUSEUM),20260829,91.84
컬러풀뮤지엄(COLORPOOL MUSEUM),20260830,82.3
컬러풀뮤지엄(COLORPOOL MUSEUM),20260831,76.45
컬러풀뮤지엄(COLORPOOL MUSEUM),20260901,53.27
컬러풀뮤지엄(COLORPOOL MUSEUM),20260902,60.89
컬러풀뮤지엄(COLORPOOL MUSEUM),20260903,59.55
컬러풀뮤지엄(COLORPOOL MUSEUM),20260904,61.17
컬러풀뮤지엄(COLORPOOL MUSEUM),20260905,81.71
컬러풀뮤지엄(COLORPOOL MUSEUM),20260906,58.32
컬러풀뮤지엄(COLORPOOL MUSEUM),20260907,61.63
탑골공원,20260809,74.34
탑골공원,20260810,63.01
탑골공원,20260811,66.9
탑골공원,20260812,68.18
탑골공원,20260813,73.98
탑골공원,20260814,81.18
탑골공원,20260815,94.64
탑골공원,20260816,78.06
탑골공원,20260817,67.59
탑골공원,20260818,66.07
탑골공원,20260819,67.56
탑골공원,20260820,70.43
탑골공원,20260821,77.41
탑골공원,20260822,95.72
탑골공원,20260823,78.78
탑골공원,20260824,64.55
탑골공원,20260825,69.11
탑골공원,20260826,73.52
탑골공원,20260827,73.78
탑골공원,20260828,80.09
탑골공원,20260829,94.82
탑골공원,20260830,76.19
탑골공원,20260831,68.67
탑골공원,20260901,61.3
탑골공원,20260902,67.55
탑골공원,20260903,73.32
탑골공원,20260904,78.81
탑골공원,20260905,94.84
탑골공원,20260906,78.55
탑골공원,20260907,66.27
통인시장,20260809,76.49
통인시장,20260810,56.87
통인시장,20260811,51.25
통인시장,20260812,65.82
통인시장,20260813,67.55
통인시장,20260814,68.88
통인시장,20260815,89.58
통인시장,20260816,78.79
통인시장,20260817,72.16
통인시장,20260818,48.37
통인시장,20260819,65.45
통인시장,20260820,64.63
통인시장,20260821,71.16
통인시장,20260822,91.6
통인시장,20260823,78.99
통인시장,20260824,48.67
통인시장,20260825,49.08
통인시장,20260826,67.01
통인시장,20260827,69.18
통인시장,20260828,75.62
통인시장,20260829,89.67
통인시장,20260830,78.73
통인시장,20260831,53.09
통인시장,20260901,47.72
통인시장,20260902,64.06
통인시장,20260903,68.36
통인시장,20260904,67.43
통인시장,20260905,87.01
통인시장,20260906,81.64
통인시장,20260907,50.84
한국교회 100주년 기념관,20260809,58.15
한국교회 100주년 기념관,20260810,51.54
한국교회 100주년 기념관,20260811,63.58
한국교회 100주년 기념관,20260812,62.3
한국교회 100주년 기념관,20260813,68.03
한국교회 100주년 기념관,20260814,63.54
한국교회 100주년 기념관,20260815,76.35
한국교회 100주년 기념관,20260816,47.95
한국교회 100주년 기념관,20260817,42.04
한국교회 100주년 기념관,20260818,61.32
한국교회 100주년 기념관,20260819,62.96
한국교회 100주년 기념관,20260820,61.42
한국교회 100주년 기념관,20260821,59.32
한국교회 100주년 기념관,20260822,76.09
한국교회 100주년 기념관,20260823,57.4
한국교회 100주년 기념관,20260824,56.05
한국교회 100주년 기념관,20260825,59.96
한국교회 100주년 기념관,20260826,66.27
한국교회 100주년 기념관,20260827,59.96
한국교회 100주년 기념관,20260828,61
한국교회 100주년 기념관,20260829,87.97
한국교회 100주년 기념관,20260830,55.47
한국교회 100주년 기념관,20260831,47.13
한국교회 100주년 기념관,20260901,56.19
한국교회 100주년 기념관,20260902,50.73
한국교회 100주년 기념관,20260903,59.46
한국교회 100주년 기념관,20260904,46.97
한국교회 100주년 기념관,20260905,80.64
한국교회 100주년 기념관,20260906,42.7
한국교회 100주년 기념관,20260907,59.56
한양도성박물관,20260809,66.22
한양도성박물관,20260810,56.57
한양도성박물관,20260811,61.13
한양도성박물관,20260812,61.1
한양도성박물관,20260813,64.11
한양도성박물관,20260814,65.56
한양도성박물관,20260815,79.46
한양도성박물관,20260816,78.97
한양도성박물관,20260817,61.14
한양도성박물관,20260818,63.55
한양도성박물관,20260819,64.09
한양도성박물관,20260820,67.53
한양도성박물관,20260821,68.35
한양도성박물관,20260822,75.31
한양도성박물관,20260823,67.19
한양도성박물관,20260824,57.15
한양도성박물관,20260825,63.06
한양도성박물관,20260826,66.76
한양도성박물관,20260827,68.35
한양도성박물관,20260828,72.81
한양도성박물관,20260829,85.84
한양도성박물관,20260830,70.66
한양도성박물관,20260831,62.27
한양도성박물관,20260901,64.02
한양도성박물관,20260902,64.06
한양도성박물관,20260903,63.96
한양도성박물관,20260904,76.23
한양도성박물관,20260905,80.19
한양도성박물관,20260906,81.43
한양도성박물관,20260907,73.98
현대원서공원,20260809,47.94
현대원서공원,20260810,40.07
현대원서공원,20260811,57.19
현대원서공원,20260812,57.88
현대원서공원,20260813,61.81
현대원서공원,20260814,57.36
현대원서공원,20260815,78.43
현대원서공원,20260816,76.46
현대원서공원,20260817,47.96
현대원서공원,20260818,55.33
현대원서공원,20260819,59.61
현대원서공원,20260820,63.14
현대원서공원,20260821,60.55
현대원서공원,20260822,75.46
현대원서공원,20260823,56.44
현대원서공원,20260824,40.28
현대원서공원,20260825,59.8
현대원서공원,20260826,64.92
현대원서공원,20260827,63.32
현대원서공원,20260828,62.94
현대원서공원,20260829,70.21
현대원서공원,20260830,55.56
현대원서공원,20260831,39.43
현대원서공원,20260901,64.98
현대원서공원,20260902,57.56
현대원서공원,20260903,61.28
현대원서공원,20260904,75.85
현대원서공원,20260905,84.65
현대원서공원,20260906,75.38
현대원서공원,20260907,44.52
홍지문 및 탕춘대성,20260809,64.96
홍지문 및 탕춘대성,20260810,46.57
홍지문 및 탕춘대성,20260811,77.61
홍지문 및 탕춘대성,20260812,73.6
홍지문 및 탕춘대성,20260813,70.98
홍지문 및 탕춘대성,20260814,81.09
홍지문 및 탕춘대성,20260815,82.45
홍지문 및 탕춘대성,20260816,71.36
홍지문 및 탕춘대성,20260817,59.69
홍지문 및 탕춘대성,20260818,80.86
홍지문 및 탕춘대성,20260819,74.31
홍지문 및 탕춘대성,20260820,76.62
홍지문 및 탕춘대성,20260821,75.93
홍지문 및 탕춘대성,20260822,82.81
홍지문 및 탕춘대성,20260823,61.65
홍지문 및 탕춘대성,20260824,56.72
홍지문 및 탕춘대성,20260825,81.96
홍지문 및 탕춘대성,20260826,79.69
홍지문 및 탕춘대성,20260827,77.76
홍지문 및 탕춘대성,20260828,77.44
홍지문 및 탕춘대성,20260829,83.65
홍지문 및 탕춘대성,20260830,83.4
홍지문 및 탕춘대성,20260831,68.85
홍지문 및 탕춘대성,20260901,68.51
홍지문 및 탕춘대성,20260902,74.17
홍지문 및 탕춘대성,20260903,79.68
홍지문 및 탕춘대성,20260904,80.84
홍지문 및 탕춘대성,20260905,81.97
홍지문 및 탕춘대성,20260906,65.63
홍지문 및 탕춘대성,20260907,84.11
홍파동 홍난파 가옥,20260809,66.6
홍파동 홍난파 가옥,20260810,91.46
홍파동 홍난파 가옥,20260811,91.48
홍파동 홍난파 가옥,20260812,91.48
홍파동 홍난파 가옥,20260813,86.34
홍파동 홍난파 가옥,20260814,76.42
홍파동 홍난파 가옥,20260815,99.98
홍파동 홍난파 가옥,20260816,99.98
홍파동 홍난파 가옥,20260817,91.87
홍파동 홍난파 가옥,20260818,91.05
홍파동 홍난파 가옥,20260819,91.19
홍파동 홍난파 가옥,20260820,86.51
홍파동 홍난파 가옥,20260821,86.91
홍파동 홍난파 가옥,20260822,99.98
홍파동 홍난파 가옥,20260823,54.94
홍파동 홍난파 가옥,20260824,91.4
홍파동 홍난파 가옥,20260825,92.1
홍파동 홍난파 가옥,20260826,91.74
홍파동 홍난파 가옥,20260827,85.9
홍파동 홍난파 가옥,20260828,86.91
홍파동 홍난파 가옥,20260829,99.98
홍파동 홍난파 가옥,20260830,91.92
홍파동 홍난파 가옥,20260831,91.71
홍파동 홍난파 가옥,20260901,47.24
홍파동 홍난파 가옥,20260902,47.18
홍파동 홍난파 가옥,20260903,50.69
홍파동 홍난파 가옥,20260904,72.24
홍파동 홍난파 가옥,20260905,93.08
홍파동 홍난파 가옥,20260906,47.9
홍파동 홍난파 가옥,20260907,62.98
화정박물관,20260809,17.09
화정박물관,20260810,20.19
화정박물관,20260811,19.94
화정박물관,20260812,20.09
화정박물관,20260813,21.02
화정박물관,20260814,19.9
화정박물관,20260815,19.55
화정박물관,20260816,19.45
화정박물관,20260817,19.29
화정박물관,20260818,20.79
화정박물관,20260819,21.28
화정박물관,20260820,20.54
화정박물관,20260821,25
화정박물관,20260822,23.17
화정박물관,20260823,20.86
화정박물관,20260824,23.74
화정박물관,20260825,23.77
화정박물관,20260826,23.4
화정박물관,20260827,23.74
화정박물관,20260828,24.18
화정박물관,20260829,22.42
화정박물관,20260830,20.56
화정박물관,20260831,23.09
화정박물관,20260901,18.01
화정박물관,20260902,21.66
화정박물관,20260903,21.67
화정박물관,20260904,19.62
화정박물관,20260905,23.95
화정박물관,20260906,18.96
화정박물관,20260907,19.95
황학정,20260809,71.47
황학정,20260810,28.92
황학정,20260811,54.69
황학정,20260812,60.36
황학정,20260813,50.94
황학정,20260814,53.24
황학정,20260815,84.93
황학정,20260816,69.64
황학정,20260817,47
황학정,20260818,53.79
황학정,20260819,47.85
황학정,20260820,53.45
황학정,20260821,51.98
황학정,20260822,79.1
황학정,20260823,68.36
황학정,20260824,35.75
황학정,20260825,58.07
황학정,20260826,51.49
황학정,20260827,52.57
황학정,20260828,55.56
황학정,20260829,86.63
황학정,20260830,57.18
황학정,20260831,49.72
황학정,20260901,50.12
황학정,20260902,56.61
황학정,20260903,56.47
황학정,20260904,59.53
황학정,20260905,78.52
황학정,20260906,70.77
황학정,20260907,49.34
흥인지문,20260809,48.56
흥인지문,20260810,59.4
흥인지문,20260811,64.14
흥인지문,20260812,66.53
흥인지문,20260813,68.9
흥인지문,20260814,70.01
흥인지문,20260815,58.99
흥인지문,20260816,54.93
흥인지문,20260817,53.93
흥인지문,20260818,63.52
흥인지문,20260819,62.19
흥인지문,20260820,61.56
흥인지문,20260821,64.69
흥인지문,20260822,69.27
흥인지문,20260823,51.66
흥인지문,20260824,62.05
흥인지문,20260825,61.52
흥인지문,20260826,63.17
흥인지문,20260827,67.31
흥인지문,20260828,71.45
흥인지문,20260829,70.72
흥인지문,20260830,50.6
흥인지문,20260831,66.13
흥인지문,20260901,73.17
흥인지문,20260902,73.69
흥인지문,20260903,72.47
흥인지문,20260904,66.22
흥인지문,20260905,64.48
흥인지문,20260906,60.04
흥인지문,20260907,64.08
