content_id,title,중분류,소분류
yongsan_001,이태원 앤틱 가구거리,도시.지역문화관광,"골목길, 문화거리"
yongsan_002,패션5(Passion 5),카페/ 찻집,카페
yongsan_003,국립중앙박물관 어린이박물관,전시시설,박물관
yongsan_004,이태원시장,시장,상설시장
yongsan_005,용산가족공원,도시공원,주제공원
yongsan_006,새남터기념성당,종교성지,기독교
yongsan_007,남산서울타워,랜드마크관광,타워 / 전망대
yongsan_008,당고개순교성지,종교성지,기독교
yongsan_009,이태원 관광특구,복합관광시설,관광단지
yongsan_010,옛 용산신학교와 원효로 예수성심성당,종교성지,기독교
yongsan_011,서울 효창공원,도시공원,주제공원
yongsan_012,국립중앙박물관,전시시설,박물관
yongsan_013,숙명여자대학교 박물관,전시시설,박물관
yongsan_014,서울특별시교육청 남산도서관,교육시설,도서관
yongsan_015,서울특별시교육청 용산도서관,교육시설,도서관
yongsan_016,용산문화원,교육시설,한국문화원
yongsan_017,전쟁기념관,전시시설,기념관
yongsan_018,백범김구기념관,전시시설,기념관
yongsan_019,리움미술관,전시시설,미술관/화랑
yongsan_020,갤러리에스피,전시시설,미술관/화랑
yongsan_021,박여숙화랑,전시시설,미술관/화랑
yongsan_022,백해영갤러리,전시시설,미술관/화랑
yongsan_023,어반아트,전시시설,미술관/화랑
yongsan_024,주한독일문화원,교육시설,외국문화원
yongsan_025,그랜드하얏트 서울 아이스링크,육상레저스포츠,스케이트
yongsan_026,용산전자랜드,전문매장/상가,전문상가
yongsan_027,해밀톤 쇼핑센터,쇼핑몰,복합쇼핑몰
yongsan_028,유진막국수,한식,관광식당
yongsan_029,한쿡 N서울타워,한식,관광식당
yongsan_030,챠크라,외국식,기타외국식
yongsan_031,니와,외국식,일식
yongsan_032,더플레이스다이닝,외국식,서양식
yongsan_033,엔그릴,외국식,서양식
yongsan_034,그랜드 하얏트 서울,호텔,호텔
yongsan_035,해밀톤 호텔,호텔,호텔
yongsan_036,임피리얼 팰리스 부티크 호텔,호텔,호텔
yongsan_037,블루스퀘어,공연시설,공연장
yongsan_038,서빙고동 부군당,종교성지,기타 종교성지
yongsan_039,남산 야외식물원,자연공원,수목원ㆍ정원
yongsan_040,국립중앙박물관 전통염료식물원,자연공원,수목원ㆍ정원
yongsan_041,서울학도병참전기념비,역사유물,탑ㆍ비석ㆍ기념탑
yongsan_042,의열사(용산),역사유적지,사당
yongsan_043,레인보우호텔,모텔,모텔
yongsan_044,이봉창 의사 동상,랜드마크관광,동상
yongsan_045,이원등 상사상,랜드마크관광,동상
yongsan_046,케르반 레스토랑,외국식,기타외국식
yongsan_047,문배동 육칼,한식,관광식당
yongsan_048,서해금빛열차,기타체험,기타체험관광
yongsan_049,포포인츠 바이 쉐라톤 조선 서울역,호텔,호텔
yongsan_050,플랜트,외국식,퓨전음식
yongsan_051,기와,한식,관광식당
yongsan_052,숙명여자대학교 정영양자수박물관,전시시설,박물관
yongsan_053,카사블랑카,외국식,기타외국식
yongsan_054,스토리지북앤필름,기타문화관광지,서점
yongsan_055,이태원 이슬람거리,기타체험,기타체험관광
yongsan_056,레일크루즈 해랑열차,기타체험,기타체험관광
yongsan_057,크라운해태 키즈뮤지엄,산업관광,화장품/주류/먹거리
yongsan_058,텅앤그루브조인트,한식,관광식당
yongsan_059,서울로 7017,도시공원,시민공원
yongsan_060,아르모니움,외국식,서양식
yongsan_061,챔피언1250X 아이파크몰 용산점,기타체험,기타체험관광
yongsan_062,Jeong's family(정스패밀리),호스텔,게스트하우스
yongsan_063,큐브 게스트하우스,호스텔,게스트하우스
yongsan_064,식민지역사박물관,전시시설,박물관
yongsan_065,[백년가게]창성옥,한식,관광식당
yongsan_066,노들섬,기타문화관광지,기타문화시설
yongsan_067,이태원 우사단길,도시.지역문화관광,"골목길, 문화거리"
yongsan_068,casa cielo,호스텔,게스트하우스
yongsan_069,정스패밀리,호스텔,게스트하우스
yongsan_070,현대카드 바이닐앤플라스틱,전문매장/상가,전문상가
yongsan_071,쾨닉 서울,전시시설,미술관/화랑
yongsan_072,용산도시기억전시관,전시시설,전시관
yongsan_073,꾸에바마테라,카페/ 찻집,카페
yongsan_074,맥심플랜트,카페/ 찻집,카페
yongsan_075,해방촌 혼고,한식,관광식당
yongsan_076,오근내닭갈비,한식,관광식당
yongsan_077,메종 한남,외국식,서양식
yongsan_078,왜고개,종교성지,기독교
yongsan_079,오만지아,외국식,서양식
yongsan_080,용산역광장,도시공원,주제공원
yongsan_081,IOU,외국식,서양식
yongsan_082,거북선나루터(이촌 수상훈련장),자연경관(하천‧해양),강
yongsan_083,후암시장,시장,상설시장
yongsan_084,성촌공원,도시공원,시민공원
yongsan_085,만리시장,시장,상설시장
yongsan_086,해방촌마을,도시.지역문화관광,마을관광지
yongsan_087,후암거실,기타문화관광지,기타문화시설
yongsan_088,아모레퍼시픽미술관,전시시설,미술관/화랑
yongsan_089,민주화운동기념관,전시시설,기념관
yongsan_090,공기(Gongi),한식,관광식당
yongsan_091,리틀넥한남,외국식,서양식
yongsan_092,챔프커피 이태원,카페/ 찻집,카페
yongsan_093,용산공원 부분개방부지,도시공원,주제공원
yongsan_094,별책부록,기타문화관광지,서점
yongsan_095,르몽블랑,카페/ 찻집,카페
yongsan_096,알부스갤러리,전시시설,미술관/화랑
yongsan_097,케냐키암부,카페/ 찻집,카페
yongsan_098,일미장어,한식,관광식당
yongsan_099,린다픽,호스텔,게스트하우스
yongsan_100,자코비버거,간이음식,"피자, 햄버거, 샌드위치 및 유사음식"
yongsan_101,미미옥,외국식,기타외국식
yongsan_102,효뜨,외국식,기타외국식
yongsan_103,후암편백,외국식,기타외국식
yongsan_104,알페도,외국식,기타외국식
yongsan_105,도깨비코티지,외국식,서양식
yongsan_106,다과상사,카페/ 찻집,카페
yongsan_107,몽탄,한식,관광식당
yongsan_108,서울서커스페스티벌,행사,기타행사
yongsan_109,보니스피자펍,외국식,서양식
yongsan_110,제132주년 동학농민혁명 기념식,행사,기타행사
yongsan_111,고두리 용산점,한식,관광식당
yongsan_112,남영돈,한식,관광식당
yongsan_113,쥬에,외국식,중식
yongsan_114,태향,외국식,중식
yongsan_115,돈까스잔치 동빙고점,한식,관광식당
yongsan_116,이촌동면옥,한식,관광식당
yongsan_117,평양집,한식,관광식당
yongsan_118,쏭타이 본점,외국식,기타외국식
yongsan_119,나리의 집,한식,관광식당
yongsan_120,동빙고 본점,카페/ 찻집,카페
yongsan_121,오스테리아 오르조,외국식,서양식
yongsan_122,Summer Lane,카페/ 찻집,카페
yongsan_123,한입소반,간이음식,김밥 분식
yongsan_124,종점숯불갈비,한식,관광식당
yongsan_125,소설한남,한식,관광식당
yongsan_126,뇨끼바,외국식,서양식
yongsan_127,단박왕돈까스,외국식,서양식
yongsan_128,단비,한식,관광식당
yongsan_129,부첼리하우스,외국식,서양식
yongsan_130,카페미우,카페/ 찻집,카페
yongsan_131,한강회관,한식,관광식당
yongsan_132,한남동감자탕,한식,관광식당
yongsan_133,mtl 효창,카페/ 찻집,카페
yongsan_134,로코스 비비큐 경리단길본점,외국식,서양식
yongsan_135,셰프테이너,외국식,서양식
yongsan_136,쌍대포소금구이 본점,한식,관광식당
yongsan_137,오츠커피 용산점,카페/ 찻집,카페
yongsan_138,중식당 청 한남점,외국식,중식
yongsan_139,휴135,한식,관광식당
yongsan_140,마구로센 한남점,외국식,일식
yongsan_141,백년손님,한식,관광식당
yongsan_142,스즈란테이,외국식,일식
yongsan_143,오복함흥냉면,한식,관광식당
yongsan_144,초원,한식,관광식당
yongsan_145,꾸띠자르당,외국식,서양식
yongsan_146,댓잎갈비 본점,한식,관광식당
yongsan_147,보광기사식당,한식,관광식당
yongsan_148,양인환대,한식,관광식당
yongsan_149,열정도쭈꾸미,한식,관광식당
yongsan_150,치즈플로,외국식,서양식
yongsan_151,크레이트커피,카페/ 찻집,카페
yongsan_152,한남작업실,카페/ 찻집,카페
yongsan_153,테이블포포,외국식,서양식
yongsan_154,베라 한남점,외국식,서양식
yongsan_155,하나일식,외국식,일식
yongsan_156,용호야채곱창,한식,관광식당
yongsan_157,꺼거,외국식,중식
yongsan_158,먼데이에디션,면세점,사후면세점
yongsan_159,클로체쥬얼리,면세점,사후면세점
yongsan_160,나이스클랍 롯데아울렛 서울역점,면세점,사후면세점
yongsan_161,린 롯데아울렛 서울역,면세점,사후면세점
yongsan_162,ZIP739 한남점,면세점,사후면세점
yongsan_163,페트라,외국식,기타외국식
yongsan_164,주사부,외국식,중식
yongsan_165,지오송지오 롯데아울렛 서울역점,면세점,사후면세점
yongsan_166,N기프트,면세점,사후면세점
yongsan_167,띠어리 복합 한남점,면세점,사후면세점
yongsan_168,몽벨 용산직영점,면세점,사후면세점
yongsan_169,금강제화 상설아울렛 남영점,면세점,사후면세점
yongsan_170,나이키골프 아이파크몰 용산점,면세점,사후면세점
yongsan_171,올리브영 숙대점,면세점,사후면세점
yongsan_172,수트서플라이 한남점,면세점,사후면세점
yongsan_173,파라부트,면세점,사후면세점
yongsan_174,아이파크몰의원,면세점,사후면세점
yongsan_175,롯데마트 제타플렉스 롯데아울렛 서울역점,면세점,사후면세점
yongsan_176,센츄럴팜약국 서울역점,면세점,사후면세점
yongsan_177,멘드의원,면세점,사후면세점
yongsan_178,킨키로봇 한남점,면세점,사후면세점
yongsan_179,ABC마트 ST 이태원점,면세점,사후면세점
yongsan_180,나이키 이태원BB타운점,면세점,사후면세점
yongsan_181,나이키 롯데아울렛 서울역점,면세점,사후면세점
yongsan_182,닥스구두 롯데아울렛 서울역점,면세점,사후면세점
yongsan_183,정관장 한강로점,면세점,사후면세점
yongsan_184,올리브영 숙대입구역점,면세점,사후면세점
yongsan_185,정관장 한남점,면세점,사후면세점
yongsan_186,한스양복,면세점,사후면세점
yongsan_187,리버클래시 롯데아울렛 서울역점,면세점,사후면세점
yongsan_188,뉴발란스 롯데아울렛 서울역점,면세점,사후면세점
yongsan_189,비너스 롯데아울렛 서울역점,면세점,사후면세점
yongsan_190,이태원포스트,면세점,사후면세점
yongsan_191,뉴패션양복점,면세점,사후면세점
yongsan_192,러쉬 이태원역점,면세점,사후면세점
yongsan_193,ZARA 아이파크몰 용산점,면세점,사후면세점
yongsan_194,올리브영 신용산역점,면세점,사후면세점
yongsan_195,올젠 롯데아울렛 서울역점,면세점,사후면세점
yongsan_196,ZARA 롯데아울렛 서울역점,면세점,사후면세점
yongsan_197,이태원 블링크 안경,면세점,사후면세점
yongsan_198,디젤,면세점,사후면세점
yongsan_199,소다 롯데아울렛 서울역점,면세점,사후면세점
yongsan_200,올리브영 동부이촌점,면세점,사후면세점
yongsan_201,정관장 동부이촌점,면세점,사후면세점
yongsan_202,테일러블,면세점,사후면세점
yongsan_203,아디다스 퍼포먼스 롯데아울렛 서울역점,면세점,사후면세점
yongsan_204,K2 롯데아울렛 서울역점,면세점,사후면세점
yongsan_205,비비안 롯데아울렛 서울역점,면세점,사후면세점
yongsan_206,리스트 롯데아울렛 서울역점,면세점,사후면세점
yongsan_207,크록스 롯데아울렛 서울역점,면세점,사후면세점
yongsan_208,쌤소나이트 롯데아울렛 서울역점,면세점,사후면세점
yongsan_209,폴햄 롯데아울렛 서울역점,면세점,사후면세점
yongsan_210,SJSJ 롯데아울렛 서울역점,면세점,사후면세점
yongsan_211,블랙야크 롯데아울렛 서울역점,면세점,사후면세점
yongsan_212,파이너스뮤지엄 롯데아울렛 서울역점,면세점,사후면세점
yongsan_213,롯데아울렛 서울역점,면세점,사후면세점
yongsan_214,노스페이스 롯데아울렛 서울역점,면세점,사후면세점
yongsan_215,시슬리 롯데아울렛 서울역점,면세점,사후면세점
yongsan_216,베네통 롯데아울렛 서울역점,면세점,사후면세점
yongsan_217,엔포토,면세점,사후면세점
yongsan_218,지이크 롯데아울렛 서울역점,면세점,사후면세점
yongsan_219,네파 롯데아울렛 서울역점,면세점,사후면세점
yongsan_220,비이커 한남점,면세점,사후면세점
yongsan_221,란스미어 한남점,면세점,사후면세점
yongsan_222,중소기업명품마루 서울역점,면세점,사후면세점
yongsan_223,미샤 롯데마트 서울역점,면세점,사후면세점
yongsan_224,오디오파크,면세점,사후면세점
yongsan_225,핑 팬텀 롯데아울렛 서울역점,면세점,사후면세점
yongsan_226,탠디 롯데아울렛 서울역점,면세점,사후면세점
yongsan_227,컬럼비아 롯데아울렛 서울역점,면세점,사후면세점
yongsan_228,아이더 롯데아울렛 서울역점,면세점,사후면세점
yongsan_229,올리브영 이태원입구점,면세점,사후면세점
yongsan_230,르 라보 이태원점,면세점,사후면세점
yongsan_231,이니스프리 이태원점,면세점,사후면세점
yongsan_232,초이컴,면세점,사후면세점
yongsan_233,이태원맨인블랙안경원,면세점,사후면세점
yongsan_234,기념품더방,면세점,사후면세점
yongsan_235,레노마정장 롯데아울렛 서울역점,면세점,사후면세점
yongsan_236,듀엘 롯데아울렛 서울역점,면세점,사후면세점
yongsan_237,헬리녹스 크리에이티브 센터 서울,면세점,사후면세점
yongsan_238,LAP 아이파크몰 용산점,면세점,사후면세점
yongsan_239,카시나 한남점,면세점,사후면세점
yongsan_240,온더스팟 한남점,면세점,사후면세점
yongsan_241,컨버스 이태원점,면세점,사후면세점
yongsan_242,올리브영 순천향입구점,면세점,사후면세점
yongsan_243,꼼데가르송 한남점,면세점,사후면세점
yongsan_244,협진컴퓨터,면세점,사후면세점
yongsan_245,반월음향,면세점,사후면세점
yongsan_247,커버낫 롯데아울렛 서울역점,면세점,사후면세점
yongsan_248,올리브영 트윈시티점,면세점,사후면세점
yongsan_249,MUJI 아이파크몰 용산점,면세점,사후면세점
yongsan_250,경리단길,기타체험,기타체험관광
yongsan_251,로이드 롯데아울렛 서울역점,면세점,사후면세점
yongsan_252,유니클로 용산 아이파크몰 용산점,면세점,사후면세점
yongsan_253,지고트 롯데아울렛 서울역점,면세점,사후면세점
yongsan_254,올리브영 이태원중앙점,면세점,사후면세점
yongsan_255,올리브영 한남오거리점,면세점,사후면세점
yongsan_256,오브제 롯데아울렛 서울역점,면세점,사후면세점
yongsan_257,올리브영 용산리첸시아점,면세점,사후면세점
yongsan_258,잇미샤 롯데아울렛 서울역점,면세점,사후면세점
yongsan_259,후암별채,웰니스관광,힐링명상
yongsan_260,여인숙,주점,바/펍
yongsan_261,힐즈앤유로파,카페/ 찻집,카페
yongsan_262,레인리포트 경리단,카페/ 찻집,카페
yongsan_263,대원뮤지엄,전시시설,전시관
yongsan_264,노들섬 라이브하우스,공연시설,공연장
yongsan_265,일신홀,공연시설,공연장
yongsan_266,용산아트홀,공연시설,공연장
yongsan_267,파운드리 서울,전시시설,미술관/화랑
yongsan_268,데이블러,카페/ 찻집,카페
yongsan_269,사운즈한남,기타쇼핑시설,기타쇼핑시설
yongsan_270,후암동108계단,도시.지역문화관광,마을관광지
yongsan_271,용산역사박물관,전시시설,박물관
yongsan_272,나인트리 프리미어 로카우스 호텔 서울 용산,호텔,호텔
yongsan_273,호텔더디자이너스 서울역점,호텔,호텔
yongsan_274,김세중미술관,전시시설,미술관/화랑
yongsan_275,팝콘D스퀘어,전시시설,전시관
yongsan_276,그래픽,기타쇼핑시설,기타쇼핑시설
yongsan_277,보라보라,호스텔,게스트하우스
yongsan_278,파리게이츠 롯데아울렛 서울역점,면세점,사후면세점
yongsan_279,골프존마켓 롯데아울렛 서울역점,면세점,사후면세점
yongsan_280,라이프워크 롯데아울렛 서울역점,면세점,사후면세점
yongsan_281,CU 중앙박물관점,면세점,사후면세점
yongsan_282,럭셔리에비뉴 롯데아울렛 서울역점,면세점,사후면세점
yongsan_283,게스 롯데아울렛 서울역점,면세점,사후면세점
yongsan_284,젝시믹스 롯데아울렛 서울역점,면세점,사후면세점
yongsan_285,테일러메이드 롯데아울렛 서울역점,면세점,사후면세점
yongsan_286,광주요 한남점,면세점,사후면세점
yongsan_287,스케쳐스 롯데아울렛 서울역점,면세점,사후면세점
yongsan_288,시코르 아이파크몰 용산점,면세점,사후면세점
yongsan_289,보나파이드 주얼리,면세점,사후면세점
yongsan_290,휠라 롯데아울렛 서울역점,면세점,사후면세점
yongsan_291,올리브영 플러스점,면세점,사후면세점
yongsan_292,볼빅 롯데아울렛 서울역점,면세점,사후면세점
yongsan_293,올리브영 아이파크몰 용산점,면세점,사후면세점
yongsan_294,페라라코리아,면세점,사후면세점
yongsan_295,올리브영 서울역점,면세점,사후면세점
yongsan_296,컨버스 롯데아울렛 서울역점,면세점,사후면세점
yongsan_297,캉골 롯데아울렛 서울역점,면세점,사후면세점
yongsan_298,ABC마트 ST 롯데아울렛 서울역점,면세점,사후면세점
yongsan_299,시스템 롯데아울렛 서울역점,면세점,사후면세점
yongsan_300,앤드지 롯데아울렛 서울역점,면세점,사후면세점
yongsan_301,넘버링 플래그십스토어 한남점,면세점,사후면세점
yongsan_302,이봉창 역사울림관,전시시설,전시관
yongsan_303,북파크라운지,기타문화관광지,기타문화시설
yongsan_304,용산 국가유산 야행,축제,전통역사축제
yongsan_305,고라니커피클럽,카페/ 찻집,카페
yongsan_306,용산청년축제,축제,기타축제
yongsan_307,노보텔 앰배서더 서울 용산,호텔,호텔
yongsan_308,노보텔 스위트 앰배서더 서울 용산,호텔,호텔
yongsan_309,이비스 스타일 앰배서더 서울 용산,호텔,호텔
yongsan_310,그랜드 머큐어 앰버서더 서울 용산,호텔,호텔
yongsan_311,용산어린이정원,도시공원,근린공원
yongsan_312,화이트스톤갤러리,전시시설,미술관/화랑
yongsan_313,콤포트,카페/ 찻집,카페
yongsan_314,현대카드 뮤직 라이브러리,교육시설,도서관
yongsan_315,식물학 아이파크몰점,카페/ 찻집,카페
yongsan_316,남산도서관 구내식당,한식,관광식당
yongsan_317,고카페 용산아이파크몰점,카페/ 찻집,카페
yongsan_318,장독대김치찜김치찌개_용산점,한식,관광식당
yongsan_320,더휴식 누베르 서울 이태원점,모텔,모텔
yongsan_321,페즈 (FEZH),기타문화관광지,기타문화시설
yongsan_322,아티스푼(ARTEASPOON),공예체험,기타공예체험
yongsan_323,던하우스,펜션/민박,홈스테이
yongsan_324,단밤하우스,호스텔,게스트하우스
yongsan_325,스윗미1949,호스텔,게스트하우스
yongsan_326,엘하우스,호스텔,게스트하우스
yongsan_327,모드하우스,호스텔,게스트하우스
yongsan_328,용마루 숲길 축제,축제,문화예술축제
yongsan_329,바이두부,한식,관광식당
yongsan_330,Atelier de Cemoment,면세점,사후면세점
yongsan_331,용산대학약국,면세점,사후면세점
yongsan_332,슈퍼드라이 한남점,면세점,사후면세점
yongsan_333,코지모지 서울,면세점,사후면세점
yongsan_334,오호 안경원,면세점,사후면세점
yongsan_335,와인앤모어 한남점,면세점,사후면세점
yongsan_336,바운스코리아,면세점,사후면세점
yongsan_337,썬스타양복점,면세점,사후면세점
yongsan_338,노스페이스 한남점,면세점,사후면세점
yongsan_339,썬번프로젝트,면세점,사후면세점
yongsan_340,아누드서울,면세점,사후면세점
yongsan_341,히말라야아이즈,면세점,사후면세점
yongsan_342,아노에틱 한남점,면세점,사후면세점
yongsan_343,TAV 타브,면세점,사후면세점
yongsan_344,아뜰리에 드 루멘,면세점,사후면세점
yongsan_345,글로니 플래그쉽 스토어 한남,면세점,사후면세점
yongsan_346,아수라 HANNAM FLAGSHIP STORE,면세점,사후면세점
yongsan_347,세르지오타키니 한남플래그십스토어,면세점,사후면세점
yongsan_348,뭍 한남점,면세점,사후면세점
yongsan_349,비앤디 한남점,면세점,사후면세점
yongsan_350,포쉬빈티지,면세점,사후면세점
yongsan_351,언더스탠딩,면세점,사후면세점
yongsan_352,휴스타드,면세점,사후면세점
yongsan_353,아크바인,면세점,사후면세점
yongsan_354,젤라또 피케 그랑 메종 한남,면세점,사후면세점
yongsan_355,퍼퓨머리 블뤼떼,면세점,사후면세점
yongsan_356,스포트캐주얼 이태원점,면세점,사후면세점
yongsan_357,폴리테루 스토어,면세점,사후면세점
yongsan_358,뮤제드 한남 쇼룸,면세점,사후면세점
yongsan_359,스컬프스토어 아울렛H559,면세점,사후면세점
yongsan_360,에크루 한남점,면세점,사후면세점
yongsan_361,복순도가 서울역점,면세점,사후면세점
yongsan_362,한양하이하이,면세점,사후면세점
yongsan_363,국제에이브이 본사,면세점,사후면세점
yongsan_364,아프리카안경 롯데아울렛 서울역점,면세점,사후면세점
yongsan_365,아디다스골프 롯데아울렛 서울역점,면세점,사후면세점
yongsan_366,한국금거래소 아이파크몰 용산점,면세점,사후면세점
yongsan_367,올리브영 용산아이파크몰더센터점,면세점,사후면세점
yongsan_368,엔드피스안경,면세점,사후면세점
yongsan_369,한남파피루스안경,면세점,사후면세점
yongsan_370,와츠스포츠,면세점,사후면세점
yongsan_371,맥클래즈,면세점,사후면세점
yongsan_372,어쏠티드 에이,면세점,사후면세점
yongsan_373,스포트캐주얼 한남점 헤리티지플로스,면세점,사후면세점
yongsan_374,문달,면세점,사후면세점
yongsan_375,베스티,면세점,사후면세점
yongsan_376,GS25 남산서울타워점,면세점,사후면세점
yongsan_377,아모멘토 한남 스토어,면세점,사후면세점
yongsan_378,이미스 플래그십 스토어 한남,면세점,사후면세점
yongsan_379,벳우먼 한남 스토어,면세점,사후면세점
yongsan_380,MSMR,면세점,사후면세점
yongsan_381,드파운드 한남 쇼룸,면세점,사후면세점
yongsan_382,아틀리에 나인 한남 플래그십 스토어,면세점,사후면세점
yongsan_383,트리니티와인앤컬처,면세점,사후면세점
yongsan_384,힐튼종합상사힐튼양복점,면세점,사후면세점
yongsan_385,오르디오르,면세점,사후면세점
yongsan_386,소명약국,면세점,사후면세점
yongsan_387,나이키 이태원점,면세점,사후면세점
yongsan_388,무지개공예,면세점,사후면세점
yongsan_389,스컬프스토어 한남점,면세점,사후면세점
yongsan_390,까렐 한남점,면세점,사후면세점
yongsan_391,레이브 한남플래그십,면세점,사후면세점
yongsan_392,COS 한남점,면세점,사후면세점
yongsan_393,이솝 한남,면세점,사후면세점
yongsan_394,MLB 한남플래그십스토어,면세점,사후면세점
yongsan_395,다이너스티 양복점,면세점,사후면세점
yongsan_396,OPEN YY Flagship Store HANNAM,면세점,사후면세점
yongsan_397,브라운야드 플래그십스토어 한남점,면세점,사후면세점
yongsan_398,레스트앤레크레이션 한남,면세점,사후면세점
yongsan_399,닥터마틴 한남,면세점,사후면세점
yongsan_400,락피쉬웨더웨어 한남점,면세점,사후면세점
yongsan_401,오디크,면세점,사후면세점
yongsan_402,러브이즈트루 플래그쉽 스토어,면세점,사후면세점
yongsan_403,헬로선라이즈 한남,면세점,사후면세점
yongsan_404,UNLESS,면세점,사후면세점
yongsan_405,본투스탠드아웃 플래그십 한남,면세점,사후면세점
yongsan_406,엘비비 쇼룸,면세점,사후면세점
yongsan_407,세븐일레븐 캐피탈점,면세점,사후면세점
yongsan_408,아모레 용산,면세점,사후면세점
yongsan_409,스노우피크 롯데아울렛 서울역점,면세점,사후면세점
yongsan_410,모조에스핀 롯데아울렛 서울역점,면세점,사후면세점
yongsan_411,온앤온 롯데아울렛 서울역점,면세점,사후면세점
yongsan_412,비스킷샵,면세점,사후면세점
yongsan_413,아르켓 아이파크몰 용산점,면세점,사후면세점
yongsan_414,카린 한남,면세점,사후면세점
yongsan_415,케미컬스포츠,면세점,사후면세점
yongsan_416,시엔느 한남부티크,면세점,사후면세점
yongsan_417,포틀 한남 스토어,면세점,사후면세점
yongsan_418,그로브스토어 한남점,면세점,사후면세점
yongsan_419,NOTHING WRITTEN & Cafe Corner,면세점,사후면세점
yongsan_420,렉토,면세점,사후면세점
yongsan_421,웨이비니스,면세점,사후면세점
yongsan_422,롯데하이마트 롯데마트 서울역점,면세점,사후면세점
yongsan_423,캘빈클라인 롯데아울렛 서울역점,면세점,사후면세점
yongsan_424,포터 이태원점,면세점,사후면세점
yongsan_425,이솝 사운즈 한남,면세점,사후면세점
yongsan_426,다이슨 데모 스토어 사운즈 한남,면세점,사후면세점
yongsan_427,르메르 한남 플래그십,면세점,사후면세점
yongsan_428,메종마르지엘라 한남,면세점,사후면세점
yongsan_429,룩캐스트 한남점,면세점,사후면세점
yongsan_430,세븐일레븐 이태원2호점,면세점,사후면세점
yongsan_431,홈플러스익스프레스 한남점,면세점,사후면세점
yongsan_432,룰루레몬 이태원 스토어,면세점,사후면세점
yongsan_433,마리떼프랑소와저버 빌라 드 마리떼 한남,면세점,사후면세점
yongsan_434,로라로라 한남 플래그십스토어,면세점,사후면세점
yongsan_435,필인더블랭크 한남 쇼룸,면세점,사후면세점
yongsan_436,탬버린즈 한남 플래그십스토어,면세점,사후면세점
yongsan_437,논픽션 한남,면세점,사후면세점
yongsan_438,샵아모멘토 한남점,면세점,사후면세점
yongsan_439,다이소 이태원점,면세점,사후면세점
yongsan_440,바이말리,면세점,사후면세점
yongsan_441,제너럴아이디어 한남점,면세점,사후면세점
yongsan_442,타비오,면세점,사후면세점
yongsan_443,안젤로비안코 쇼룸,면세점,사후면세점
yongsan_444,퍼킹어썸 서울한남점,면세점,사후면세점
yongsan_445,더 세터 한남,면세점,사후면세점
yongsan_446,준바이준케이 한남점,면세점,사후면세점
yongsan_447,시티브리즈 한남 플래그십스토어,면세점,사후면세점
yongsan_448,마리떼프랑소와저버 에쌍시엘 한남점,면세점,사후면세점
yongsan_449,나일로라 한남 플래그십스토어,면세점,사후면세점
yongsan_450,포터리 한남,면세점,사후면세점
yongsan_451,블루텍솔루션,면세점,사후면세점
yongsan_452,대원씨앤씨 용산점,면세점,사후면세점
yongsan_453,전자랜드파워센터 용산본점,면세점,사후면세점
yongsan_454,오설록티하우스 용산파크점,면세점,사후면세점
yongsan_455,다이소 서울역점,면세점,사후면세점
yongsan_456,Lee 롯데아울렛 서울역점,면세점,사후면세점
yongsan_457,코닥어패럴 롯데아울렛 서울역점,면세점,사후면세점
yongsan_458,니콘샵 디지털청풍 아이파크몰 용산점,면세점,사후면세점
yongsan_459,마시모두띠 아이파크몰 용산점,면세점,사후면세점
yongsan_460,롯데하이마트 아이파크몰 용산점,면세점,사후면세점
yongsan_461,ABC마트 GS 아이파크몰 용산점,면세점,사후면세점
yongsan_462,닥스종합관 아이파크몰 용산점,면세점,사후면세점
yongsan_463,나이키 아이파크몰 용산점,면세점,사후면세점
yongsan_464,닥터마틴 아이파크몰 용산점,면세점,사후면세점
yongsan_465,다이소 아이파크몰 용산점,면세점,사후면세점
yongsan_466,그라미치 한남 스토어,면세점,사후면세점
yongsan_467,엔조블루스,면세점,사후면세점
yongsan_468,갯마을,한식,관광식당
yongsan_469,라 쿠치나,외국식,서양식
yongsan_470,부다스벨리 이태원,외국식,기타외국식
yongsan_471,두에꼬제,외국식,서양식
yongsan_472,롯데아울렛 서울역점[면세점(TAX REFUND SHOP)],면세점,사후면세점
yongsan_473,어뮤즈 한남 쇼룸[면세점(TAX REFUND SHOP)],면세점,사후면세점
yongsan_474,노들 미리봄 페스티벌,행사,기타행사
yongsan_475,브릭샌드 서울역점,카페/ 찻집,카페
yongsan_476,뉴오더클럽 한남,외국식,서양식
yongsan_477,용산초등학교 실내수영장,수상레저스포츠,수영
yongsan_478,아이파크몰 용산점,쇼핑몰,복합쇼핑몰
yongsan_479,원대구탕,한식,관광식당
yongsan_480,자원대구탕,한식,관광식당
yongsan_481,서울 삼각지 대구탕 골목,도시.지역문화관광,"골목길, 문화거리"
yongsan_482,정감어린,한식,관광식당
yongsan_483,두바이레스토랑,외국식,기타외국식
yongsan_484,타지펠리스,외국식,기타외국식
yongsan_485,이촌한강공원,도시공원,시민공원
yongsan_486,에덴도자기,전문매장/상가,공방/공예품점
